step,qeco_qoe,qeco_delay,qeco_energy,qeco_drop,qeco_completion_rate,qeco_adapt_general_qoe,qeco_adapt_general_delay,qeco_adapt_general_energy,qeco_adapt_general_drop,qeco_adapt_general_completion_rate,qeco_adaptive_gate_qoe,qeco_adaptive_gate_delay,qeco_adaptive_gate_energy,qeco_adaptive_gate_drop,qeco_adaptive_gate_completion_rate,qeco_adapt2_qoe,qeco_adapt2_delay,qeco_adapt2_energy,qeco_adapt2_drop,qeco_adapt2_completion_rate
1,-13.00584952,9.51227949,60.94412502,2363.00000000,0.18263577,9.30301164,7.95122795,19.25814489,1305.00000000,0.54859910,-9.20677838,9.14181944,58.28337532,2135.00000000,0.26150121,9.30301164,7.95122795,19.25814489,1305.00000000,0.54859910
2,-10.63973226,9.95016487,5.47252769,34014.00000000,0.02468817,5.82964617,8.53694624,8.87892101,20293.00000000,0.41812186,5.81014156,8.53729032,8.85616864,20312.00000000,0.41757706,5.81014156,8.53729032,8.85616864,20312.00000000,0.41757706
3,-11.18554298,9.94293513,9.52273059,22730.00000000,0.03057961,5.55999044,8.54140952,12.91230205,13406.00000000,0.42143196,5.55813614,8.54110742,12.88892435,13408.00000000,0.42134565,5.55999044,8.54140952,12.91230205,13406.00000000,0.42143196
4,-12.15729177,9.92278360,17.26801789,14138.00000000,0.03731445,5.76521387,8.49716162,18.61275884,8242.00000000,0.43629027,4.22876437,8.43266534,18.52449863,8515.00000000,0.41761849,5.76521387,8.49716162,18.61275884,8242.00000000,0.43629027
5,-11.85293871,9.91508651,17.55736937,13877.00000000,0.03965398,3.01878048,8.67298280,20.26673562,8980.00000000,0.37211579,4.16749109,8.44761187,18.59704021,8583.00000000,0.41184129,3.01878048,8.67298280,20.26673562,8980.00000000,0.37211579
6,-10.17814486,9.92792066,4.14748831,42222.00000000,0.02613309,6.03320476,8.54143773,7.40361612,25257.00000000,0.41936596,6.27544442,8.49989590,7.46644473,24884.00000000,0.42436790,6.03554566,8.54132279,7.39772898,25255.00000000,0.41941194
7,-13.27063046,9.48226704,61.45016357,2354.00000000,0.18150209,9.73687387,7.95627842,17.83294283,1279.00000000,0.55264078,-10.85349447,9.28361775,59.20465587,2256.00000000,0.23003413,9.73687387,7.95627842,17.83294283,1279.00000000,0.55264078
8,-10.28841243,9.90832780,5.77199541,33569.00000000,0.03167277,6.02486631,8.52911589,9.16875061,20079.00000000,0.42288457,6.10363338,8.54082072,9.04798798,20006.00000000,0.42549464,6.01679822,8.52908715,9.15304074,20086.00000000,0.42268338
9,-13.43473668,9.86121037,29.75929644,8215.00000000,0.05302594,4.06038494,8.69115787,20.68685901,5152.00000000,0.40761182,3.75535367,8.37061947,28.77909986,4774.00000000,0.43669617,4.06089102,8.69115787,20.69130351,5152.00000000,0.40761182
10,-12.86373562,9.49897820,61.18832444,2386.00000000,0.18732970,8.76512815,8.04636891,18.29828913,1370.00000000,0.53290147,-10.50412396,9.28906519,59.33436338,2215.00000000,0.23594343,8.76512815,8.04636891,18.29828913,1370.00000000,0.53290147
11,-10.62262569,9.86954075,9.92550912,22099.00000000,0.04345756,5.74614506,8.54268424,13.07725696,13331.00000000,0.42377350,5.85544552,8.49616135,13.02163648,13227.00000000,0.42628497,5.74614506,8.54268424,13.07725696,13331.00000000,0.42377350
12,-9.72311506,9.87139984,4.27416989,42149.00000000,0.03655024,6.05046176,8.54194581,7.44820196,25381.00000000,0.41966388,6.24618018,8.53188764,7.57893134,25186.00000000,0.42387227,6.04981900,8.54222019,7.44222968,25382.00000000,0.41964102
13,-9.92719068,9.86167975,5.75763088,33718.00000000,0.04133970,5.99202637,8.55125415,8.96388441,20106.00000000,0.42429275,5.82634938,8.54275538,8.85029653,20424.00000000,0.41803676,5.99541341,8.55111098,8.94784103,20104.00000000,0.42435002
14,-9.83379181,9.84729092,5.71465055,33401.00000000,0.04500357,6.12990377,8.51109259,9.15773650,19941.00000000,0.42694982,6.02010741,8.53097396,9.14011931,20130.00000000,0.42454475,6.14384173,8.50910972,9.12956195,19932.00000000,0.42720846
15,-9.71270980,9.83449970,5.79792401,33375.00000000,0.04667371,5.96423712,8.54419756,8.99004357,20317.00000000,0.42197502,6.13161156,8.52235993,9.02820210,20112.00000000,0.42566680,5.96423219,8.54382770,8.96410521,20319.00000000,0.42191812
16,-9.57299918,9.81947192,5.77503887,33121.00000000,0.05045727,6.23957701,8.51701402,9.14162157,19943.00000000,0.42828885,6.04167610,8.54910931,9.04628509,20182.00000000,0.42292626,6.24350315,8.51730069,9.12657271,19941.00000000,0.42834619
17,-10.10939412,9.80947948,9.72829086,22301.00000000,0.05624207,5.67448186,8.52417204,13.03139860,13356.00000000,0.42554839,5.41228877,8.55654711,13.01873163,13570.00000000,0.41779646,5.67448580,8.52417204,13.03178626,13356.00000000,0.42554839
18,-12.22092773,9.41672286,59.00571872,2382.00000000,0.19689818,10.73984544,7.72449688,17.67284517,1225.00000000,0.57494795,-8.84605224,9.09664011,57.67120665,2104.00000000,0.27121579,10.73984544,7.72449688,17.67284517,1225.00000000,0.57494795
19,-9.14913291,9.79953439,4.55581469,41108.00000000,0.05246174,5.98418472,8.54761959,7.43932144,25491.00000000,0.41794725,6.09942934,8.54933595,7.50836988,25365.00000000,0.42118114,5.98569730,8.54714008,7.43716168,25490.00000000,0.41797009
20,-10.68680880,9.75482943,17.90714600,13608.00000000,0.06781751,5.77928148,8.59564922,17.19287604,8366.00000000,0.43127124,4.65518066,8.39141923,19.26451293,8247.00000000,0.42653501,5.77656122,8.59558124,17.18483808,8367.00000000,0.43120326
21,-9.44757921,9.73366985,10.20034526,21778.00000000,0.06840056,6.61619967,8.50427945,13.77713920,12777.00000000,0.44488856,6.14941591,8.53085405,13.25226940,13097.00000000,0.43364324,6.61824098,8.50375809,13.77255736,12776.00000000,0.44493201
22,-10.65813662,9.72831686,18.48610627,13290.00000000,0.07489907,6.18727864,8.53699862,17.93871491,8013.00000000,0.44585062,4.36277279,8.43748277,18.93132725,8393.00000000,0.42149159,6.18667719,8.53755187,17.93905082,8013.00000000,0.44585062
23,-12.03643471,9.70800736,31.15169768,7993.00000000,0.08041878,5.16460505,8.64274916,19.48863061,4938.00000000,0.42574718,1.05911836,8.53099174,29.92376004,5445.00000000,0.37500000,5.16460505,8.64274916,19.48863061,4938.00000000,0.42574718
24,-8.54792840,9.72033704,4.63373903,40668.00000000,0.06630545,6.29406799,8.52525902,7.59345615,25021.00000000,0.42518781,6.15491034,8.53076976,7.61280826,25224.00000000,0.42230264,6.29468711,8.52516713,7.58754915,25021.00000000,0.42518781
25,-8.64855418,9.70334750,6.17684511,32293.00000000,0.07289274,5.84365093,8.55753046,9.11756445,20321.00000000,0.42024479,6.18038986,8.52319625,9.40200285,19996.00000000,0.42772102,5.84130854,8.55701692,9.10100442,20324.00000000,0.42015920
26,-9.08896823,9.68424637,10.29782446,21595.00000000,0.08079002,6.01584169,8.54949069,13.73791905,13195.00000000,0.43288778,5.97126408,8.49785739,13.17505831,13274.00000000,0.43117929,6.01260779,8.54966261,13.72841956,13197.00000000,0.43280182
27,-10.10942274,9.66438356,18.76400653,13201.00000000,0.08668881,3.19431406,8.64261074,20.08192332,8973.00000000,0.38091624,4.50426205,8.40788036,18.76413299,8424.00000000,0.42474734,3.18361063,8.64198979,20.07875769,8977.00000000,0.38064026
28,-8.27919826,9.67091138,6.29141542,32237.00000000,0.07957401,6.45360674,8.50628486,9.60511761,19602.00000000,0.43358280,6.32312203,8.51507669,9.63070423,19611.00000000,0.43031025,6.41015599,8.49839628,9.44179044,19656.00000000,0.43202242
29,-9.06371603,9.64167571,10.82048460,20980.00000000,0.08921207,5.89498306,8.52592464,13.77743552,12989.00000000,0.43548177,5.81568899,8.49775941,13.38975161,13016.00000000,0.43371764,5.91638368,8.52470772,13.77263380,12977.00000000,0.43600330
30,-9.74954702,9.63031297,18.62203102,13273.00000000,0.09300260,6.56586139,8.54855679,17.79463573,7908.00000000,0.45261992,4.53944739,8.45095078,19.17254521,8382.00000000,0.42458983,6.58392335,8.54793383,17.79478980,7902.00000000,0.45303523
31,-9.76630158,9.63321130,19.09165504,13101.00000000,0.09504732,5.64056372,8.55021412,17.89102537,8216.00000000,0.43251830,4.43296197,8.46568190,19.15223271,8408.00000000,0.42232910,5.64044153,8.55125017,17.89333295,8215.00000000,0.43258737
32,-10.49115621,9.58320959,31.18947562,7770.00000000,0.11250714,2.29802243,8.76268095,28.11509219,5502.00000000,0.37284851,1.32301413,8.48812243,29.70332838,5485.00000000,0.37357241,2.27857972,8.76142711,28.16029288,5506.00000000,0.37239257
33,-9.31846793,9.13300142,59.35317339,2069.00000000,0.26422475,11.49428254,7.66330785,16.67942330,1189.00000000,0.58686588,-7.74000635,8.96695958,57.62088342,1981.00000000,0.30369069,11.52314811,7.65114663,16.60522900,1188.00000000,0.58721334
34,-8.63967667,9.60816309,10.85710408,20885.00000000,0.09604398,5.81492700,8.54828767,13.49626762,13287.00000000,0.43120719,6.05376833,8.48023043,13.36574982,12894.00000000,0.43728725,5.81907752,8.54743151,13.47905906,13285.00000000,0.43129281
35,-7.30817174,9.58166755,4.87892099,39364.00000000,0.09659652,6.37269187,8.51476446,7.77592956,25017.00000000,0.42734514,6.42434534,8.53006380,7.82819373,24853.00000000,0.42963694,6.37479841,8.51476446,7.77328604,25015.00000000,0.42739093
36,-8.90435370,9.16199065,57.43715165,2202.00000000,0.26452906,9.86082620,7.93515358,17.01655457,1320.00000000,0.54948805,-7.57389844,8.94085092,58.10404245,2027.00000000,0.29885853,9.86082620,7.93515358,17.01655457,1320.00000000,0.54948805
37,-7.09928877,9.56753546,4.91322932,39380.00000000,0.10044087,6.34514481,8.54523138,7.75349682,24938.00000000,0.42785693,6.37850854,8.52949968,7.85344585,24839.00000000,0.42888347,6.34364210,8.54536903,7.74475593,24939.00000000,0.42783399
38,-7.16702509,9.53415671,6.51857883,31271.00000000,0.10804644,6.05030229,8.55256513,9.44506118,20036.00000000,0.42511190,6.29902333,8.52457786,9.51427425,19704.00000000,0.43125992,6.05044974,8.55279467,9.43333549,20037.00000000,0.42508321
39,-10.34572446,9.50864653,32.07227514,7590.00000000,0.12497118,1.54317318,8.81027759,29.10621465,5572.00000000,0.36086258,1.34888185,8.48372628,29.99096981,5388.00000000,0.38033353,1.55789041,8.81062170,29.13530763,5569.00000000,0.36120670
40,-7.58882248,9.51008065,11.00638364,20621.00000000,0.11543411,6.07143094,8.57403738,13.98500323,13150.00000000,0.43362908,6.16453207,8.54630106,13.33243916,13179.00000000,0.43447477,6.07717043,8.57408045,13.97248486,13147.00000000,0.43375829
41,-9.07477479,9.09949580,58.54468232,2180.00000000,0.26722689,11.68446755,7.66047001,15.41359055,1193.00000000,0.58155033,-6.31735158,8.81047553,55.86547506,1952.00000000,0.32736044,11.68146018,7.65766398,15.42187083,1193.00000000,0.58155033
42,-6.85348835,9.50621368,6.79092262,30704.00000000,0.11673667,6.10733904,8.54552489,9.40017598,20008.00000000,0.42658986,5.88976251,8.56631820,9.41628729,20219.00000000,0.42090792,6.08602310,8.54692918,9.39510388,20026.00000000,0.42607400
43,-6.68830964,9.48135593,6.94126824,30401.00000000,0.11919455,6.49533896,8.49998554,9.70522299,19587.00000000,0.43336130,6.43749169,8.51410886,9.69304659,19522.00000000,0.43268141,6.49825012,8.49816299,9.69465330,19587.00000000,0.43336130
44,-8.44747198,9.47788815,19.23381351,12893.00000000,0.12280582,6.06049624,8.51814114,19.12581219,8149.00000000,0.43896730,4.73887921,8.42519792,18.95057982,8469.00000000,0.42695717,6.07187047,8.51641997,19.12549267,8146.00000000,0.43917384
45,-8.25933423,9.00730689,58.23989291,2054.00000000,0.28531663,10.28328879,7.78315718,16.51406783,1297.00000000,0.55779066,-5.29667845,8.74904943,56.42134312,1887.00000000,0.34773591,10.28328879,7.78315718,16.51406783,1297.00000000,0.55779066
46,-6.22363471,9.45920107,5.35927341,38067.00000000,0.12304184,6.62571330,8.50733212,8.03445052,24579.00000000,0.43417206,6.57095398,8.50785509,7.96836146,24660.00000000,0.43277746,6.62740670,8.50666452,8.02418739,24579.00000000,0.43417206
47,-8.10299957,9.41972557,20.26538960,12385.00000000,0.13735460,4.19557848,8.63194590,20.83844005,8548.00000000,0.40402984,4.77058581,8.42755180,19.67612047,8169.00000000,0.43392696,4.18359515,8.63292198,20.84956753,8552.00000000,0.40375096
48,-5.95969209,9.42824554,5.38537133,37791.00000000,0.12919950,6.49050620,8.52560269,7.96749146,24696.00000000,0.43191020,6.41356183,8.53931840,7.92695626,25003.00000000,0.42927252,6.49308075,8.52514262,7.96070010,24695.00000000,0.43193320
49,-6.15252862,9.42176792,7.06976930,30106.00000000,0.13314138,6.35692073,8.54917962,9.69181131,19821.00000000,0.43243708,6.21540472,8.55050968,9.62473759,19959.00000000,0.42850189,6.35270497,8.55001002,9.68013027,19825.00000000,0.43232254
50,-6.01279062,9.41154000,6.83466006,30319.00000000,0.13566908,6.34389766,8.52857968,9.84075919,19688.00000000,0.43163972,6.18918056,8.54254348,9.64304760,20059.00000000,0.42802965,6.31845052,8.52450924,9.68778815,19720.00000000,0.43071594
51,-5.87655351,9.39818927,6.94063070,30285.00000000,0.13776905,6.31101021,8.53224295,9.57103323,20098.00000000,0.42930971,6.40493414,8.55176324,9.54060875,20039.00000000,0.43193673,6.30434862,8.53156146,9.55441009,20105.00000000,0.42911094
52,-8.65913547,9.33208020,33.40515352,7348.00000000,0.16290727,4.37351077,8.66989272,20.86552245,5007.00000000,0.41616138,-1.51340009,8.75253054,32.11938479,5829.00000000,0.32181501,4.40430377,8.66604478,20.87820512,5003.00000000,0.41662780
53,-7.60165577,9.37820777,20.08001151,12438.00000000,0.14656237,5.74065887,8.50737648,19.70020907,8090.00000000,0.43702157,4.75334867,8.43873707,19.50137853,8338.00000000,0.42894322,5.73585689,8.50786360,19.72058502,8090.00000000,0.43702157
54,-7.31561378,9.36312733,20.61108909,12260.00000000,0.15249551,5.67440615,8.51946170,20.01376437,8197.00000000,0.43429952,4.77312185,8.44035799,19.79188720,8160.00000000,0.42945043,5.66727045,8.52070393,20.02277251,8199.00000000,0.43416149
55,-7.26358929,9.34133626,20.12715856,12343.00000000,0.15331321,5.36641138,8.60444536,17.92436511,8392.00000000,0.42429855,5.05257904,8.40752222,19.67024450,8150.00000000,0.43858924,5.36445509,8.60341634,17.88118164,8393.00000000,0.42422995
56,-6.08179140,8.82038664,57.73325845,1902.00000000,0.33145870,10.84342197,7.76897019,16.72183918,1276.00000000,0.56775068,-2.50931977,8.55431366,54.88047378,1714.00000000,0.40132728,10.83761722,7.77100271,16.75329200,1276.00000000,0.56775068
57,-5.97099544,9.31804547,12.36162583,19424.00000000,0.15558840,6.26492471,8.53261621,13.67409077,13093.00000000,0.43437878,6.31181740,8.51298224,13.59727387,13052.00000000,0.43612563,6.25983455,8.53222741,13.67623581,13096.00000000,0.43424918
58,-5.61175742,8.78883495,57.03303973,1892.00000000,0.34396671,10.27466900,7.89417281,15.95490056,1331.00000000,0.55425318,-3.54355518,8.63083305,53.92428726,1791.00000000,0.38091946,10.22107337,7.89919625,15.99146387,1334.00000000,0.55324849
59,-5.19736914,9.32060322,7.31805387,29348.00000000,0.15538032,6.42756378,8.52223410,9.88613120,19604.00000000,0.43355775,6.38627457,8.53292690,9.73785923,19731.00000000,0.43259332,6.42430297,8.52180069,9.86381868,19607.00000000,0.43347106
60,-5.15638126,9.31964902,7.41378023,29290.00000000,0.15736479,6.48974556,8.51852487,9.67865024,19764.00000000,0.43499142,6.55546523,8.51201654,9.83641637,19640.00000000,0.43606972,6.48118693,8.51915380,9.68527150,19770.00000000,0.43481990
61,-4.66480288,9.29673888,5.61107766,36795.00000000,0.16088940,6.36781542,8.56798556,8.16838760,25008.00000000,0.42870197,6.36654917,8.53802602,8.18801960,24706.00000000,0.42906662,6.35954013,8.56816832,8.17401569,25017.00000000,0.42849637
62,-4.69336977,9.26929610,7.43611465,28883.00000000,0.16847560,6.59135254,8.50425826,9.79913640,19511.00000000,0.43862930,6.03717863,8.57992982,9.74676201,19991.00000000,0.42501726,6.59627144,8.50198527,9.79580305,19509.00000000,0.43868685
63,-6.47774703,9.23759036,21.05126536,11960.00000000,0.17659208,5.66112743,8.58955430,18.03111382,8190.00000000,0.43493860,5.10296699,8.43379563,19.94041766,8096.00000000,0.44138550,5.65786319,8.59058921,18.01936830,8192.00000000,0.43480061
64,-4.32082583,9.25892572,5.76074514,36441.00000000,0.16918973,6.60691952,8.52607590,8.19889123,24721.00000000,0.43379675,6.59919499,8.52853018,8.12575223,24688.00000000,0.43425455,6.60866341,8.52687753,8.19538189,24717.00000000,0.43388837
65,-6.29357958,9.27647180,20.68451801,12018.00000000,0.17634158,5.03539499,8.59110404,20.36978581,8401.00000000,0.41885722,5.31248959,8.40787008,19.89175482,8053.00000000,0.44111319,5.06780233,8.58882125,20.34225363,8390.00000000,0.41961815
66,-7.81593764,9.21545045,33.48086119,7059.00000000,0.18364751,4.63123376,8.62511374,20.74413176,5078.00000000,0.42242948,2.24915754,8.48167896,30.03042223,5257.00000000,0.40363018,4.62873920,8.62545496,20.74897622,5078.00000000,0.42242948
67,-4.14868914,9.24172437,5.89266697,35922.00000000,0.17365600,6.87285606,8.50277107,8.32387007,24308.00000000,0.44100264,6.41485488,8.54943096,8.25024531,24936.00000000,0.43013849,6.86516504,8.50332298,8.32601348,24315.00000000,0.44084167
68,-6.23769008,9.20066473,21.58443853,11790.00000000,0.18363108,5.23701103,8.59786722,18.35784186,8330.00000000,0.42690058,4.71015782,8.45894217,19.79496875,8265.00000000,0.43301091,5.27854782,8.59662883,18.34630301,8316.00000000,0.42786378
69,-4.70696614,8.71809986,55.54817213,1848.00000000,0.35922330,11.81425168,7.60304288,17.01427423,1167.00000000,0.59647303,-1.58759530,8.41488277,52.90157799,1706.00000000,0.42031940,11.80220492,7.60200553,17.00715541,1168.00000000,0.59612725
70,-5.94623585,9.16795177,21.68584156,11555.00000000,0.19003224,5.25195158,8.59307027,18.35727917,8247.00000000,0.42505577,5.52469366,8.37521067,20.02217721,7819.00000000,0.45091292,5.28111843,8.59195482,18.31938478,8238.00000000,0.42568321
71,-3.99239811,9.18549104,7.80108458,28395.00000000,0.18580645,6.45672173,8.53540394,9.90216360,19657.00000000,0.43626144,6.52459689,8.52616246,9.83483080,19737.00000000,0.43627899,6.43116262,8.53620695,9.91517917,19679.00000000,0.43563050
72,-7.22207708,9.14972145,34.50632276,6899.00000000,0.19928041,2.39021829,8.68602645,29.20377497,5375.00000000,0.38182864,-1.10393426,8.65250029,31.69374103,5809.00000000,0.32913731,2.32238093,8.69327200,29.21267421,5389.00000000,0.38021852
73,-5.50187361,9.14777885,21.23180578,11703.00000000,0.19522762,5.47816053,8.52987939,20.03154157,8334.00000000,0.42886513,5.03105099,8.45120294,19.85893256,8271.00000000,0.43788229,5.50113736,8.52850877,20.00990689,8326.00000000,0.42941338
74,-4.23308221,8.59592530,55.60821641,1868.00000000,0.36570458,10.94830649,7.71029360,19.19709150,1160.00000000,0.58967103,-2.17004044,8.51598639,53.64631169,1736.00000000,0.40952381,10.96427280,7.71807570,19.21376422,1158.00000000,0.59037849
75,-3.81561971,9.17985243,7.84359723,28380.00000000,0.19147603,6.23872726,8.54161401,9.88993759,19828.00000000,0.43055715,6.25497567,8.55113022,9.84673238,19999.00000000,0.43064966,6.22833295,8.54198736,9.88179894,19837.00000000,0.43029868
76,-5.25651234,9.11538995,22.45807902,11455.00000000,0.20517624,5.06579481,8.63356614,18.40884101,8434.00000000,0.41677616,5.29394461,8.40380461,20.50284105,7990.00000000,0.44324437,5.05566068,8.63619390,18.43572480,8435.00000000,0.41670701
77,-6.61665353,9.12859066,33.53297865,7052.00000000,0.20870736,2.62786028,8.67128378,28.64451782,5426.00000000,0.38896396,-1.68889464,8.67329903,31.50256492,5988.00000000,0.31526587,2.62286923,8.67128378,28.61132122,5429.00000000,0.38862613
78,-6.08759996,9.04881418,34.56422995,6760.00000000,0.22173613,5.09408326,8.61204321,20.29732116,4947.00000000,0.43151000,3.86506045,8.41057877,29.07348893,4997.00000000,0.43402424,4.81200901,8.64169157,20.26448647,5004.00000000,0.42495978
79,-4.31535422,9.13282993,12.83523485,18624.00000000,0.20096104,6.16767411,8.56316492,14.00059334,13039.00000000,0.43838567,6.27489411,8.51368394,13.87172959,13078.00000000,0.43900137,6.17485858,8.56165741,13.99353127,13035.00000000,0.43855795
80,-3.34952189,9.11812238,7.92134713,27940.00000000,0.20223853,6.43542607,8.53890154,9.96686427,19878.00000000,0.43431986,6.40289913,8.54484926,9.98395837,19772.00000000,0.43500500,6.42464540,8.53892999,9.94269225,19887.00000000,0.43406375
81,-2.95551984,9.11292651,6.38550960,34756.00000000,0.20355645,6.71086222,8.53322148,8.32618436,24466.00000000,0.43770541,6.60117074,8.54551301,8.38604602,24599.00000000,0.43498633,6.72081849,8.53255499,8.31568366,24457.00000000,0.43791225
82,-5.03222673,9.09634096,21.40020719,11540.00000000,0.20926408,6.06227251,8.54620292,18.22985516,8113.00000000,0.44343829,5.23453534,8.40281294,20.57769905,7930.00000000,0.44233474,6.04520127,8.54805516,18.24365205,8118.00000000,0.44309529
83,-2.82074708,8.48933939,55.35296983,1693.00000000,0.40824886,13.22395625,7.46332737,15.71397555,1059.00000000,0.62110912,0.44028698,8.18660119,51.27136994,1502.00000000,0.47316731,13.19330788,7.46762075,15.69345090,1061.00000000,0.62039356
84,-2.78185331,9.04648212,8.40915922,27168.00000000,0.21660900,6.54740409,8.53473242,10.43637037,19532.00000000,0.43771771,6.56962667,8.52645967,10.23120977,19514.00000000,0.43846220,6.54014982,8.52767942,10.28307733,19550.00000000,0.43719953
85,-3.51214626,9.04813426,13.25877699,18296.00000000,0.22065088,5.98903698,8.55789653,13.76044475,13257.00000000,0.43459718,6.25719674,8.52727660,13.79684989,13126.00000000,0.44013649,5.99104814,8.55806713,13.76237459,13256.00000000,0.43463983
86,-2.79570553,9.06312654,8.29240783,27328.00000000,0.21727674,6.47631769,8.54836858,10.17232542,19603.00000000,0.43745516,6.57942264,8.53116050,10.06491707,19591.00000000,0.43891053,6.46144996,8.54833989,10.18032767,19616.00000000,0.43708210
87,-1.20695927,8.37319733,52.75248772,1612.00000000,0.43299332,13.52488621,7.41056034,14.85362461,1057.00000000,0.62033046,0.09130981,8.21793948,52.31544643,1493.00000000,0.46217579,13.51309892,7.41918103,14.92489954,1057.00000000,0.62033046
88,-5.81605973,9.03624363,35.60526604,6635.00000000,0.23170449,6.44568129,8.49926479,20.26936294,4766.00000000,0.46092071,-0.63051204,8.62298317,33.63859501,5629.00000000,0.34660476,6.40191702,8.49315688,20.24130878,4777.00000000,0.45967651
89,-2.38373876,9.02360411,8.33840037,27207.00000000,0.22533527,6.62541013,8.51983533,10.19922836,19452.00000000,0.44000461,6.51535409,8.53573165,10.18124929,19702.00000000,0.43658669,6.61564054,8.51960502,10.18648730,19460.00000000,0.43977430
90,-2.13776858,8.98563863,8.62243170,26674.00000000,0.23231451,6.62477474,8.52893419,10.16919604,19457.00000000,0.43982841,6.45434801,8.54667278,10.30973455,19704.00000000,0.43580346,6.61158301,8.52683250,10.15279820,19470.00000000,0.43945414
91,-4.26094242,9.03028642,22.10885554,11281.00000000,0.22701110,4.53923556,8.54451008,20.60498302,8683.00000000,0.41040266,5.07911581,8.44195700,19.71928425,8260.00000000,0.43794230,4.54513867,8.54281252,20.60119394,8680.00000000,0.41060637
92,-2.17498897,8.99842749,8.62330199,26883.00000000,0.23138724,6.50676933,8.53058948,10.12824167,19707.00000000,0.43634700,6.63696673,8.52424225,10.26047401,19492.00000000,0.43946627,6.51037807,8.52821554,10.09099470,19707.00000000,0.43634700
93,-1.80896202,8.98755253,6.80427339,33409.00000000,0.23273546,6.66908348,8.53842250,8.64964432,24369.00000000,0.43781577,6.72725959,8.53821992,8.52740667,24474.00000000,0.43887564,6.67743761,8.53784576,8.65899771,24361.00000000,0.43800032
94,-3.88937972,9.00446889,22.96200552,11088.00000000,0.23767618,3.72972270,8.60000000,22.33755039,8717.00000000,0.39591130,4.92821542,8.48301574,20.44152719,8172.00000000,0.43579122,3.75703424,8.59313929,22.18398137,8711.00000000,0.39632710
95,-1.70069658,8.97630517,6.88534681,33198.00000000,0.23480466,6.79204326,8.53541271,8.55346900,24457.00000000,0.44033044,6.78265580,8.53864640,8.61618149,24462.00000000,0.44011352,6.77325870,8.53749514,8.54687371,24476.00000000,0.43989565
96,-5.19776123,8.99228251,35.91556491,6453.00000000,0.24543966,5.68726758,8.56099274,19.86483270,4748.00000000,0.44415828,2.07235894,8.43417109,31.80115994,5209.00000000,0.39946968,5.66288674,8.56555842,19.87923332,4753.00000000,0.44357293
97,-4.74807297,8.95461318,34.89436988,6497.00000000,0.25535817,5.62037952,8.53270711,19.64623551,4933.00000000,0.44171571,-1.48252147,8.70327775,33.41013759,5843.00000000,0.32800460,5.57986649,8.53361249,19.60013249,4943.00000000,0.44058397
98,-1.88052365,8.97228096,8.86639676,26646.00000000,0.23855518,6.48720774,8.55330051,10.37465053,19701.00000000,0.43605084,6.76619045,8.52893252,10.27091617,19401.00000000,0.44147282,6.51614520,8.55060972,10.32588360,19679.00000000,0.43668060
99,-2.41526905,8.94788288,14.10461900,17479.00000000,0.24402059,6.31395087,8.56372507,14.60622446,13009.00000000,0.43834729,6.69791021,8.51988256,14.05585731,12820.00000000,0.44648331,6.33393818,8.56337967,14.60924972,12998.00000000,0.43882221
100,-1.37278270,8.40189125,52.37011971,1696.00000000,0.42722053,12.68722456,7.40695297,13.74536567,1194.00000000,0.59304703,1.02748325,8.13935574,50.98195701,1477.00000000,0.48284314,12.64692008,7.40967962,13.74803765,1197.00000000,0.59202454
101,-1.52126070,8.92812651,8.80002468,26407.00000000,0.24892631,6.48414177,8.55581792,10.34978461,19769.00000000,0.43758179,6.45771736,8.55695047,10.12817757,19733.00000000,0.43697215,6.45052358,8.55798009,10.33457050,19797.00000000,0.43678521
102,-4.26393193,8.89432213,35.34401925,6308.00000000,0.26906141,4.84492357,8.55761436,21.32403303,4909.00000000,0.43149971,3.27088255,8.37990253,31.03930727,4911.00000000,0.43014621,4.93055769,8.54128547,21.28960682,4892.00000000,0.43346844
103,-1.37154551,8.92047435,9.05935877,26147.00000000,0.25283612,6.62625335,8.54338878,10.54342617,19572.00000000,0.44057623,6.71064892,8.53605088,10.31209939,19438.00000000,0.44318084,6.68157953,8.53395644,10.38176045,19534.00000000,0.44166238
104,-0.17504289,8.32160804,50.26283283,1650.00000000,0.44723618,12.16219821,7.46959459,14.51414472,1215.00000000,0.58952703,1.91418449,8.12097327,48.63924456,1466.00000000,0.49760110,12.14754339,7.45945946,14.65055143,1215.00000000,0.58952703
105,-1.15676099,8.90772823,9.20484794,25780.00000000,0.25686778,6.98552284,8.52283164,10.29776767,19078.00000000,0.44897900,6.75195989,8.54070355,10.57969222,19323.00000000,0.44238594,6.99724747,8.52179187,10.28559877,19069.00000000,0.44923895
106,-1.17329368,8.90530814,9.19014484,25902.00000000,0.25720513,6.77230293,8.53153826,10.41135243,19366.00000000,0.44348976,6.43768419,8.56452538,10.44767497,19681.00000000,0.43558933,6.75718284,8.53090606,10.40727497,19379.00000000,0.44311618
107,-0.85696164,8.88343435,9.23351444,25729.00000000,0.26438129,6.72020571,8.55655271,10.29612313,19602.00000000,0.44153846,6.64013026,8.55415281,10.28629956,19749.00000000,0.43845432,6.73340518,8.55527066,10.26761954,19593.00000000,0.44179487
108,-1.48069129,8.86473555,14.87839490,16967.00000000,0.26863227,6.53223375,8.54283735,14.44193956,12858.00000000,0.44335253,6.53674607,8.54323849,14.03896526,12996.00000000,0.44225570,6.54422929,8.54084592,14.41500337,12853.00000000,0.44356899
109,-2.81069471,8.90560780,23.76165758,10586.00000000,0.26255660,5.38541095,8.59873400,18.15896588,8388.00000000,0.42287051,5.01938991,8.39972480,21.05564347,8197.00000000,0.43605091,5.75154792,8.57403330,18.12121368,8263.00000000,0.43147103
110,-1.01778169,8.88417477,9.39884799,25655.00000000,0.26155662,6.71229175,8.53201757,10.48178305,19293.00000000,0.44249552,6.49729285,8.55121177,10.56130966,19504.00000000,0.43727640,6.72265581,8.52941686,10.46317237,19289.00000000,0.44261111
111,-3.87894207,8.84955752,35.73412511,6285.00000000,0.27766923,6.31312697,8.44933302,20.58476969,4600.00000000,0.46173648,2.11329055,8.43122720,32.69127769,5060.00000000,0.40463584,6.40027951,8.45073719,20.51722975,4580.00000000,0.46407676
112,-0.45294545,8.81846788,9.40202096,25372.00000000,0.27421477,6.65740451,8.53909275,10.59666471,19363.00000000,0.44053742,6.42665523,8.55997475,10.51339392,19649.00000000,0.43615129,6.68289264,8.53660792,10.58322041,19345.00000000,0.44105750
113,-1.17838383,8.85306735,14.92332616,16949.00000000,0.27288717,6.88737244,8.50986402,14.19738823,12725.00000000,0.45067991,6.36428080,8.51051543,14.42884983,13050.00000000,0.43759697,6.87881718,8.50917332,14.20110864,12730.00000000,0.45046406
114,-2.29018692,8.82445596,23.86277842,10460.00000000,0.27737478,5.87547950,8.54638749,18.43363121,8181.00000000,0.43653144,4.51412071,8.48455927,21.36190352,8392.00000000,0.42790920,5.84868413,8.55038226,18.46417447,8188.00000000,0.43604931
115,-1.26175808,8.85215031,14.96088309,16889.00000000,0.27221408,6.34167890,8.57178743,14.51613198,12989.00000000,0.43743774,6.65473286,8.54509009,13.97349950,12870.00000000,0.44521079,6.32021339,8.56970852,14.53415385,12998.00000000,0.43704794
116,-1.25452212,8.82729349,14.79823738,16799.00000000,0.27612358,6.01871217,8.56252134,13.94643853,13292.00000000,0.43274155,6.28569264,8.54631890,14.06846772,13090.00000000,0.43937642,6.02504464,8.56269205,13.92975323,13287.00000000,0.43295493
117,0.53209440,8.25680272,50.07507806,1560.00000000,0.46938776,13.77764211,7.37238938,15.88759300,1020.00000000,0.63893805,2.51602041,8.01315789,47.77057615,1383.00000000,0.50817923,13.81583544,7.36814159,15.90662947,1016.00000000,0.64035398
118,1.58980811,8.14876608,49.22488844,1486.00000000,0.48348975,12.94231411,7.38336283,18.04149533,1044.00000000,0.63044248,2.47584220,8.01355207,48.23332708,1386.00000000,0.50570613,12.83563179,7.39150442,18.04326348,1053.00000000,0.62725664
119,-2.77869486,8.79255441,35.56969130,6126.00000000,0.29828179,5.76028684,8.55155109,20.08362260,4888.00000000,0.44251825,2.05354320,8.49799197,32.02094239,5243.00000000,0.39839357,5.77171535,8.54721715,20.07078169,4888.00000000,0.44251825
120,1.19830444,8.26031102,49.30207218,1550.00000000,0.47599730,12.58353077,7.43857193,16.35906599,1102.00000000,0.61428071,1.58729147,8.21226576,48.26857061,1511.00000000,0.48517888,12.61418133,7.42352118,16.46567399,1099.00000000,0.61533077
121,-2.03181672,8.79478759,24.91200336,10222.00000000,0.28577418,5.36001380,8.57746479,18.77737027,8120.00000000,0.43101394,4.82709885,8.42727336,21.58907877,8064.00000000,0.43635982,5.38019234,8.57900638,18.69675339,8116.00000000,0.43129423
122,0.00025153,8.79325247,9.95947464,24738.00000000,0.28727419,6.81603920,8.52830026,10.60311477,19306.00000000,0.44559630,6.48696297,8.55799686,10.59247315,19672.00000000,0.43866457,6.79543196,8.52855871,10.57763812,19324.00000000,0.44507940
123,-0.62572117,8.78764150,15.43592648,16663.00000000,0.29087582,6.06697397,8.55227526,14.60324394,13174.00000000,0.43551290,6.16904330,8.53074975,14.44374160,13099.00000000,0.43783529,6.08852615,8.54653355,14.57552755,13165.00000000,0.43589853
124,-1.65874413,8.78205393,24.54920929,10263.00000000,0.29215808,5.10337800,8.63256197,18.92328808,8417.00000000,0.42202843,4.97383636,8.46425383,21.06639543,8195.00000000,0.43719525,5.12679638,8.63091396,18.98758936,8406.00000000,0.42278377
125,0.44688627,8.78240485,7.93128170,30879.00000000,0.29033370,6.68818157,8.56417088,8.97490069,24442.00000000,0.43863114,6.75742115,8.53571757,9.03101461,24387.00000000,0.43948239,6.68105878,8.56757005,8.98591749,24446.00000000,0.43853927
126,-0.38276142,8.76443626,15.74183294,16377.00000000,0.29844928,6.43063759,8.54573066,13.78683799,13013.00000000,0.44331793,6.22496351,8.56729168,14.12438001,13141.00000000,0.43873062,6.42063849,8.54491786,13.80530569,13021.00000000,0.44297570
127,1.73283033,8.12968005,48.29725765,1505.00000000,0.48774677,11.62749150,7.52027926,15.76809516,1241.00000000,0.58743351,2.77893817,8.11683168,46.76460987,1503.00000000,0.50396040,11.95881106,7.48105053,15.72539671,1217.00000000,0.59541223
128,0.30541905,8.75744571,10.24622248,24664.00000000,0.29436672,6.66150966,8.54575832,10.77058639,19394.00000000,0.44133660,6.92188583,8.52515443,10.71113494,19232.00000000,0.44743571,6.67754785,8.54423160,10.72950616,19381.00000000,0.44171108
129,-0.25597995,8.75899250,15.68807687,16469.00000000,0.29811626,6.73252945,8.52222653,14.06758366,12841.00000000,0.44634157,6.23569072,8.53643243,14.52214036,13037.00000000,0.43623784,6.73657456,8.52244212,14.07473930,12839.00000000,0.44642780
130,-0.22975784,8.73290773,15.99436316,16207.00000000,0.30091015,6.55043220,8.48167449,14.51013044,12902.00000000,0.44433438,6.20629772,8.54823804,14.57900139,13062.00000000,0.43591294,6.59211264,8.47611870,14.49253290,12882.00000000,0.44519574
131,-0.07653425,8.72397818,16.04054641,16024.00000000,0.30620021,6.51301257,8.56798490,13.82057773,12966.00000000,0.44385348,6.75918294,8.51352990,14.24303237,12672.00000000,0.45135732,6.48434476,8.56764176,13.90475077,12978.00000000,0.44333877
132,-0.06141162,8.74689203,15.86949639,16363.00000000,0.30334639,6.27562223,8.57764895,14.36607131,13300.00000000,0.43720379,6.30464572,8.53829498,14.41204869,13255.00000000,0.43725057,6.28146759,8.57866452,14.32295945,13297.00000000,0.43733074
133,3.32287632,8.00343407,46.85448242,1385.00000000,0.52438187,13.13025868,7.44702216,15.81136056,1088.00000000,0.62326870,3.99354315,8.02241552,45.65021794,1388.00000000,0.53563065,13.23166536,7.43109418,15.80114380,1083.00000000,0.62500000
134,-0.08105760,8.73531291,15.95290962,16277.00000000,0.30656499,6.51023777,8.53596318,14.48956996,12885.00000000,0.44571109,6.51237613,8.50493732,14.31150404,12907.00000000,0.44586124,6.52630772,8.53269380,14.44939492,12880.00000000,0.44592618
135,0.97071725,8.72097713,10.36502845,24282.00000000,0.31026843,6.76280783,8.55623291,10.71890501,19596.00000000,0.44177302,6.81748863,8.55030175,10.67626073,19535.00000000,0.44389091,6.76097306,8.55685962,10.72130021,19596.00000000,0.44177302
136,-1.28709558,8.64526206,35.82746713,5763.00000000,0.33321763,6.02949048,8.48532602,19.72895736,4791.00000000,0.45289483,0.38044487,8.57477436,34.47115312,5542.00000000,0.36684565,6.05790697,8.49606029,19.83749716,4783.00000000,0.45380838
137,0.15646023,8.70933425,16.25021146,16028.00000000,0.31245710,6.82860842,8.53589402,14.00044939,12728.00000000,0.45253559,6.48993170,8.54245647,14.03727574,12946.00000000,0.44480659,6.82733922,8.53464665,14.00120276,12730.00000000,0.45244957
138,4.00939665,7.89901823,46.67185663,1319.00000000,0.53751753,13.37179628,7.31309231,15.06123998,1069.00000000,0.62478062,5.59639343,7.79316483,44.17227135,1216.00000000,0.56710573,13.21491691,7.32221832,15.13373222,1078.00000000,0.62162162
139,-0.47388188,8.68951223,25.63469636,9892.00000000,0.31656764,4.90476253,8.60178326,21.94111563,8568.00000000,0.41234568,5.96202698,8.47500000,20.03950557,7944.00000000,0.45289256,4.94725927,8.59910837,21.94672662,8552.00000000,0.41344307
140,-0.49207240,8.67751561,25.44756344,9779.00000000,0.32137405,4.96404853,8.56049417,21.40934464,8368.00000000,0.42245842,5.47569495,8.40122028,21.47947003,7850.00000000,0.44947051,4.95789210,8.56146042,21.42111826,8367.00000000,0.42252743
141,1.44089006,8.69047838,8.37965064,29786.00000000,0.31561050,6.92993922,8.55557598,9.17149915,24185.00000000,0.44435510,6.96710123,8.55192436,9.14751971,24168.00000000,0.44534459,6.95355266,8.55454211,9.14068889,24162.00000000,0.44488352
142,-0.59211485,8.61609514,35.43866729,5665.00000000,0.34591849,7.47151059,8.35251547,19.48027311,4423.00000000,0.48371659,0.82336752,8.51831117,35.09187067,5335.00000000,0.37777000,7.40292339,8.38636629,19.64246590,4429.00000000,0.48301623
143,-1.05565050,8.67680307,35.81730827,5871.00000000,0.33631020,4.35317832,8.50722865,26.73451355,5192.00000000,0.42259786,0.02775273,8.56703223,34.57493157,5740.00000000,0.35765443,4.34520378,8.52012900,26.61740776,5191.00000000,0.42270907
144,-0.18718858,8.66511181,25.33134698,9833.00000000,0.32549047,5.77347248,8.57766924,18.52195467,8236.00000000,0.43340671,4.82908248,8.45082024,21.76679939,8191.00000000,0.43303108,5.66194249,8.59012108,18.63287866,8272.00000000,0.43093010
145,1.62438439,8.68755729,8.63461258,29633.00000000,0.32096700,6.83792479,8.55157023,9.23605708,24264.00000000,0.44175774,6.81141379,8.55735176,9.23818764,24220.00000000,0.44225676,6.85736545,8.54860232,9.23051234,24246.00000000,0.44217186
146,2.02212018,8.65404273,8.81176541,29085.00000000,0.33039414,7.00666944,8.54612258,9.25898818,24130.00000000,0.44588605,7.07493202,8.55229874,9.26818954,23927.00000000,0.44777049,6.99828733,8.54706409,9.26483865,24135.00000000,0.44577124
147,4.99139139,7.79662185,44.34354662,1298.00000000,0.55256808,13.09633314,7.28807719,15.14890674,1099.00000000,0.62129566,6.41760173,7.86813187,42.11057286,1209.00000000,0.58482143,13.15138241,7.25706409,14.88271863,1098.00000000,0.62164025
148,-0.74753937,8.62458049,36.33017844,5676.00000000,0.34313158,5.08453582,8.49469190,26.44150643,4863.00000000,0.43884145,0.34825463,8.53108389,34.12093192,5489.00000000,0.36572683,5.06372583,8.49261482,26.42918251,4869.00000000,0.43814909
149,1.77679463,8.65628317,11.09772157,23246.00000000,0.33321860,6.84344978,8.55162098,10.95909827,19324.00000000,0.44412162,6.67540211,8.55925204,10.69373667,19555.00000000,0.43917059,6.84794010,8.54914708,10.93459439,19323.00000000,0.44415039
150,5.73686009,7.86489218,42.60747144,1297.00000000,0.56300539,13.11083281,7.31300105,14.71037281,1103.00000000,0.61554549,5.41134707,7.88569449,44.16614912,1246.00000000,0.56841011,13.09176639,7.29731614,14.54734091,1106.00000000,0.61449983
151,2.08003623,8.64121509,8.88753677,29211.00000000,0.33181600,6.97756753,8.54748284,9.32042205,24222.00000000,0.44572082,6.87427730,8.56929574,9.08060962,24403.00000000,0.44291748,6.98788740,8.54386728,9.30726904,24217.00000000,0.44583524
152,0.08050803,8.60462161,36.07084031,5553.00000000,0.35840555,5.53964087,8.48076032,25.91188442,4771.00000000,0.44703292,0.81446926,8.52249408,34.65681608,5567.00000000,0.37230804,5.56745532,8.46337506,26.03198207,4767.00000000,0.44749652
153,2.18820006,8.63667413,9.05865092,28799.00000000,0.33540258,6.92190767,8.55772814,9.28755073,24139.00000000,0.44471027,6.97385195,8.53549738,9.30781595,24117.00000000,0.44517806,6.93806974,8.55533574,9.27162985,24125.00000000,0.44503232
154,0.01175780,8.60235641,35.50944449,5666.00000000,0.35810581,6.77549282,8.42176634,20.12716988,4567.00000000,0.47067687,2.09548683,8.46278832,32.48448857,5288.00000000,0.39915919,6.84063460,8.41179879,20.10782415,4552.00000000,0.47241539
155,0.44321518,8.61891256,25.89260758,9471.00000000,0.34483951,5.31487657,8.50787512,22.27254766,8042.00000000,0.43453804,5.00490005,8.39182283,22.97359905,7863.00000000,0.44186542,5.29330234,8.50168753,22.31871122,8052.00000000,0.43383490
156,1.52701534,8.59660697,17.61560335,15312.00000000,0.34401508,6.54681269,8.54048827,14.97168862,12938.00000000,0.44390957,6.69624779,8.53313487,14.65084281,12773.00000000,0.44891708,6.64264040,8.53533053,14.84548512,12882.00000000,0.44631651
157,5.33090917,7.84946972,43.67235732,1293.00000000,0.55764625,13.76888964,7.19860384,15.00036050,1049.00000000,0.63385689,5.05997288,7.86153315,44.00711442,1287.00000000,0.55559392,13.61834754,7.23385689,14.86786766,1062.00000000,0.62931937
158,1.71841637,8.60048259,17.33335267,15148.00000000,0.34729404,6.96984105,8.54411255,14.33867495,12674.00000000,0.45134199,6.85866654,8.55306369,14.64193773,12733.00000000,0.44978826,6.69333604,8.54965368,15.11737975,12795.00000000,0.44610390
159,1.71799568,8.58856877,17.17490985,15412.00000000,0.34797140,6.74642831,8.57134989,13.66800566,13054.00000000,0.44691128,6.45209588,8.53372073,14.54521638,13185.00000000,0.44074483,6.75020484,8.57058724,13.66820943,13051.00000000,0.44703839
160,2.23173651,8.61843537,11.73693365,22849.00000000,0.34571330,6.78420043,8.55344138,11.04205681,19300.00000000,0.44442845,6.86509505,8.57242403,10.79604175,19330.00000000,0.44796664,6.76813878,8.55062034,11.00085184,19314.00000000,0.44402545
161,2.66678082,8.60142929,9.31009067,28406.00000000,0.34725861,6.92326936,8.55421106,9.42089926,24198.00000000,0.44438832,6.99861550,8.54461116,9.36862867,24194.00000000,0.44579086,6.95253668,8.55196087,9.39411522,24170.00000000,0.44503123
162,1.63273641,8.62303395,17.58654121,15216.00000000,0.34611087,7.14706633,8.51126943,14.08908825,12625.00000000,0.45487910,7.11910538,8.52812809,13.84447389,12690.00000000,0.45379417,7.09450099,8.51545769,14.11529355,12655.00000000,0.45358377
163,0.79520504,8.60371707,25.77899198,9555.00000000,0.34951324,5.96484477,8.53418597,18.33643356,8123.00000000,0.43843761,4.48503111,8.44615805,22.40041653,8403.00000000,0.42657295,5.97708025,8.53135154,18.36879912,8117.00000000,0.43885240
164,0.33750919,8.63909671,25.91404642,9528.00000000,0.34600865,5.41214281,8.56508088,18.74859260,8270.00000000,0.43553341,4.09903995,8.47123098,22.99224184,8284.00000000,0.42710927,5.41265722,8.55416013,18.71843040,8272.00000000,0.43539690
165,1.15955937,8.56165904,26.35341815,9248.00000000,0.35857955,6.47540171,8.51151719,17.97840328,7856.00000000,0.44997550,4.49998717,8.46124409,23.12185117,8224.00000000,0.42777623,6.09807080,8.53385143,18.52928380,7974.00000000,0.44171393
166,2.81014703,8.56480627,12.12152447,22215.00000000,0.35957680,7.09196126,8.54876677,11.14449195,19017.00000000,0.45140632,6.95572869,8.55416810,11.04999199,19243.00000000,0.44761167,7.08196499,8.54778595,11.13750509,19028.00000000,0.45108899
167,0.88433116,8.53711790,35.25948926,5409.00000000,0.37841875,6.35000686,8.42610723,25.08869752,4573.00000000,0.46701632,2.27613273,8.44863563,33.50044906,5169.00000000,0.40736070,6.39311054,8.42097902,24.98449414,4568.00000000,0.46759907
168,0.59481932,8.57928766,35.00775318,5525.00000000,0.37329855,6.54617661,8.47226353,19.87381277,4665.00000000,0.46643029,2.50322350,8.45305111,32.79329310,5218.00000000,0.41251970,6.58387174,8.44652865,19.77603221,4668.00000000,0.46608716
169,1.12142627,8.57609743,26.32935247,9312.00000000,0.35929545,5.64743808,8.57967731,18.63904620,8206.00000000,0.43659458,4.26455371,8.46311391,23.02907129,8417.00000000,0.42345366,5.63376300,8.57734295,18.72806774,8208.00000000,0.43645726
170,7.32082470,7.73841962,39.12336506,1189.00000000,0.59502725,13.23904185,7.22206897,15.62225397,1080.00000000,0.62758621,7.21528976,7.67373913,40.49027626,1161.00000000,0.59617391,13.26146539,7.24620690,15.76224788,1075.00000000,0.62931034
171,7.24526148,7.60486635,39.61442503,1188.00000000,0.59287183,13.29957722,7.26875000,13.41733302,1116.00000000,0.61250000,8.17830911,7.47050562,39.62010556,1107.00000000,0.61130618,13.19075384,7.29930556,13.65812773,1121.00000000,0.61076389
172,6.85155638,7.75898665,42.35985946,1189.00000000,0.59294762,13.47677206,7.25296581,12.32868010,1130.00000000,0.60572226,7.71935560,7.72792120,38.58251956,1177.00000000,0.60020380,13.37210277,7.28227495,12.29252905,1137.00000000,0.60327983
173,2.83232547,8.59070784,12.43263533,22177.00000000,0.36240009,6.86907470,8.53566276,11.50300868,19181.00000000,0.44656356,6.86549138,8.55965591,11.03495164,19311.00000000,0.44627957,6.83005484,8.53661492,11.49552207,19212.00000000,0.44566911
174,3.00972510,8.53784424,12.51237249,21979.00000000,0.36553894,7.02622137,8.54381666,10.97579806,19108.00000000,0.44917844,6.97781270,8.55308905,11.17434378,19148.00000000,0.44797763,7.00407237,8.54557509,10.94267240,19126.00000000,0.44865956
175,2.93888618,8.58395447,12.59257447,22042.00000000,0.36320564,6.96464465,8.55718719,11.08660997,19243.00000000,0.44700845,7.12245474,8.54884322,10.97836367,19105.00000000,0.45092686,6.90992781,8.56060693,11.11123932,19284.00000000,0.44583022
176,1.50538248,8.57820942,26.31307722,9268.00000000,0.36611723,4.76846474,8.52232635,22.27449082,8459.00000000,0.41710309,4.13195962,8.42987237,24.29371900,8368.00000000,0.42269748,4.64657370,8.53080209,22.48202900,8501.00000000,0.41420893
177,3.14162193,8.53790624,12.64423173,21770.00000000,0.36885745,7.08535722,8.55019399,11.16580210,19111.00000000,0.45075442,7.13671523,8.54827230,10.92048520,19106.00000000,0.45167030,7.10181488,8.54295157,11.09363116,19095.00000000,0.45121425
178,7.08434919,7.78833107,39.34077507,1199.00000000,0.59328358,13.21358804,7.21749739,13.38986782,1119.00000000,0.60996863,8.96272825,7.48708101,37.02174775,1057.00000000,0.63093575,12.99469621,7.24363890,13.54153460,1133.00000000,0.60508888
179,3.49453875,8.54472480,10.20543299,27416.00000000,0.36941371,7.08178802,8.57311724,9.56251206,23893.00000000,0.44837697,7.19443068,8.53892809,9.62381716,23793.00000000,0.45129376,7.06589374,8.57644180,9.56185788,23908.00000000,0.44803066
180,2.47613823,8.54693720,18.49895076,14679.00000000,0.37164505,6.89268593,8.56572851,13.43674567,12766.00000000,0.45229106,6.78901078,8.52683409,14.41413745,12761.00000000,0.45123420,6.86634652,8.56787369,13.47600744,12778.00000000,0.45177621
181,3.58373121,8.54112416,10.08993638,27548.00000000,0.37183901,6.82232463,8.53637035,9.97657043,24153.00000000,0.44260593,6.98776252,8.56792410,9.54123815,24218.00000000,0.44631916,7.09240468,8.54760916,9.61163226,23889.00000000,0.44869842
182,8.96606907,7.48939180,39.06733989,1047.00000000,0.62977369,13.61083150,7.19209622,14.69304546,1073.00000000,0.63127148,7.38648907,7.81468888,38.56436653,1193.00000000,0.59435566,13.49892686,7.14845361,14.26542749,1087.00000000,0.62646048
183,2.04079356,8.53430152,26.89386188,8958.00000000,0.38049793,6.05650569,8.53659045,18.48195745,8031.00000000,0.44186531,5.05736643,8.47686808,21.57367816,8146.00000000,0.44002200,5.97930842,8.54666759,18.48627356,8049.00000000,0.44061436
184,3.24205893,8.53883998,12.91331801,21773.00000000,0.37358306,6.92732511,8.56890643,11.14515825,19077.00000000,0.45056306,7.07877220,8.56016227,11.16417918,18991.00000000,0.45359075,6.90150660,8.56890643,11.15308920,19099.00000000,0.44992944
185,1.98326570,8.51624348,26.94170966,8940.00000000,0.37808696,6.40566128,8.54521516,18.04189262,7942.00000000,0.44965699,5.94720160,8.39581867,21.92934666,7672.00000000,0.45994650,6.34014920,8.54181969,18.10191370,7962.00000000,0.44827108
186,2.12693608,8.52396567,27.51227220,8875.00000000,0.38079955,5.95657185,8.48744237,21.23579433,8121.00000000,0.44120278,6.45609355,8.46322925,19.50719591,7801.00000000,0.46583128,5.86631679,8.50326842,21.30774660,8150.00000000,0.43920732
187,8.66789123,7.56884956,36.74170261,1081.00000000,0.61734513,13.13999628,7.24468085,16.26606844,1063.00000000,0.63520933,8.48936403,7.60960549,37.47561507,1108.00000000,0.61989708,13.10205332,7.31983528,16.38379149,1063.00000000,0.63520933
188,2.04357181,8.54356675,26.76524671,8984.00000000,0.38020007,5.30756954,8.52820159,21.92560469,8262.00000000,0.42961685,4.21602795,8.43491933,23.62174024,8415.00000000,0.42473339,5.32291619,8.53213669,22.06552991,8252.00000000,0.43030721
189,2.27140247,8.44697767,34.71436441,5077.00000000,0.40640711,7.34895116,8.42918356,19.10362347,4481.00000000,0.48106543,3.05342070,8.40914365,33.61099301,4989.00000000,0.42109538,7.27028330,8.43566879,19.10839355,4496.00000000,0.47932831
190,2.11687737,8.47748582,34.03185512,5136.00000000,0.40548675,6.64318481,8.47046002,20.36436026,4601.00000000,0.47218080,2.99644613,8.50544835,31.88954325,5089.00000000,0.42236095,6.45275894,8.48273489,20.55175766,4636.00000000,0.46816565
191,3.60994231,8.51809196,13.16785113,21546.00000000,0.38272454,7.05535633,8.55974933,10.99996796,19079.00000000,0.45154799,6.84444661,8.59771657,10.89752363,19404.00000000,0.44615385,7.05978785,8.55957685,11.03754785,19076.00000000,0.45163423
192,3.04295650,8.51636126,19.17239488,14110.00000000,0.38438045,6.47376532,8.54624228,15.18396802,12944.00000000,0.44474949,5.79327878,8.53276928,16.74241082,13267.00000000,0.43020959,6.49170582,8.54195264,15.25071332,12931.00000000,0.44530714
193,2.97139586,8.54710317,18.90465527,14364.00000000,0.38126212,6.18588370,8.57620754,15.63195770,13078.00000000,0.43549014,6.24478052,8.53574187,16.04363300,13088.00000000,0.43842787,6.16414336,8.57979022,15.64895489,13088.00000000,0.43505849
194,2.34586409,8.52215212,26.90112023,8879.00000000,0.38438605,6.98053226,8.44170530,18.02782882,7682.00000000,0.46045793,5.08449042,8.38513797,24.06963577,7961.00000000,0.44242891,6.94892278,8.44486585,18.05643124,7694.00000000,0.45961511
195,4.14679225,8.50879883,10.74766521,26773.00000000,0.38733152,7.12225407,8.56499748,9.58628258,24105.00000000,0.44832242,7.13017196,8.56727106,9.63199089,23986.00000000,0.44948359,7.11418158,8.56122122,9.55059667,24118.00000000,0.44802490
196,9.51262602,7.50836597,35.39726006,1030.00000000,0.63332147,13.09988209,7.32742156,14.25366584,1123.00000000,0.61698499,8.40516184,7.62622378,38.09886642,1097.00000000,0.61643357,13.11785251,7.31241473,14.16805381,1124.00000000,0.61664393
197,2.48149055,8.51652638,27.00590357,8910.00000000,0.39026894,6.11993016,8.51277824,19.13446046,8049.00000000,0.44703215,4.88947256,8.47773223,22.91805840,8094.00000000,0.43764330,6.06800000,8.52459467,19.15102690,8058.00000000,0.44641385
198,9.81663181,7.43889665,35.68290357,1015.00000000,0.64560056,13.18026861,7.29447853,12.08328046,1174.00000000,0.59986367,10.27602044,7.39819632,35.27611755,1008.00000000,0.65036420,13.25057823,7.27845944,12.51750603,1165.00000000,0.60293115
199,2.93946916,8.49961946,27.15161294,8663.00000000,0.40060887,6.27030129,8.51743942,18.75015487,7868.00000000,0.44894243,4.91828418,8.38797473,24.30586448,8060.00000000,0.44039436,6.29272074,8.50350189,18.71682333,7864.00000000,0.44922258
200,4.27257334,8.49963261,10.88358382,26550.00000000,0.39035591,7.03537613,8.58065626,9.60710389,24103.00000000,0.44731834,7.23479335,8.55832163,9.64938617,23770.00000000,0.45259425,7.03229429,8.58038110,9.59134406,24108.00000000,0.44720369
201,2.69299390,8.51216452,27.18089180,8678.00000000,0.39505054,6.41033552,8.55055640,18.03861726,7986.00000000,0.45143564,5.04933124,8.45580913,22.99426873,8111.00000000,0.43907331,6.39083352,8.55083116,17.98061706,7997.00000000,0.45068004
202,4.58080766,8.47335689,11.02280441,26225.00000000,0.39817790,7.08606096,8.56297281,9.64468721,24056.00000000,0.44853514,7.24569132,8.55230145,9.66204272,23839.00000000,0.45327156,7.11975233,8.56063454,9.60288201,24025.00000000,0.44924579
203,2.40395328,8.57609286,26.77971046,9039.00000000,0.38643769,6.27338008,8.55174075,18.38220369,8004.00000000,0.44929132,4.75172279,8.39786207,24.34642697,8191.00000000,0.43510345,6.29932138,8.55401128,18.30967809,7993.00000000,0.45004816
204,3.95940417,8.51456144,13.69621057,21240.00000000,0.39177000,7.08466689,8.58104538,11.03744397,19118.00000000,0.45094773,7.03374299,8.56904618,11.01459428,19183.00000000,0.44938144,6.87553631,8.57113728,11.54415189,19257.00000000,0.44695577
205,3.05538628,8.49941416,26.86187653,8671.00000000,0.40237094,6.51275712,8.53199750,18.33273255,7862.00000000,0.45489843,4.49830637,8.43468655,24.72145726,8251.00000000,0.43033692,6.41058501,8.53539486,18.46726782,7893.00000000,0.45274908
206,3.40715716,8.36538240,33.43199696,4976.00000000,0.42771708,8.37825512,8.34297189,18.41893983,4357.00000000,0.50005737,4.28566388,8.40978941,30.94424433,4869.00000000,0.44575982,8.26850179,8.34825014,18.50563391,4379.00000000,0.49753299
207,4.05092377,8.51960784,13.83042285,21139.00000000,0.39402018,7.07100914,8.57365650,10.98127748,19193.00000000,0.45078121,7.14143368,8.56855487,11.02272965,19100.00000000,0.45190542,7.09834503,8.57402850,10.98837703,19166.00000000,0.45155383
208,4.51967629,8.50175882,11.38592625,26183.00000000,0.39802276,7.13174359,8.58161951,9.61528190,23959.00000000,0.44883828,7.18270104,8.57946777,9.57952229,23924.00000000,0.45115852,7.14159719,8.58173453,9.58936557,23945.00000000,0.44916034
209,3.25226688,8.44199403,32.12679248,5010.00000000,0.42453480,8.09336553,8.35546382,18.25728434,4370.00000000,0.49891068,3.59375208,8.43728542,31.60023079,4984.00000000,0.42961776,8.04089300,8.36887972,18.35427530,4376.00000000,0.49822268
210,4.18973924,8.53275197,14.02985690,20925.00000000,0.39777241,7.14695871,8.58361941,10.76788448,19161.00000000,0.45185376,6.77881508,8.56859704,11.46866039,19388.00000000,0.44306561,7.15072458,8.58261815,10.79177896,19157.00000000,0.45196819
211,3.47290922,8.42205280,32.62909757,5007.00000000,0.43024579,7.59814944,8.43633938,17.99382668,4644.00000000,0.48359835,4.39917040,8.41123750,29.85338550,4800.00000000,0.44846605,7.71124536,8.42744357,17.95943547,4622.00000000,0.48604470
212,4.17835597,8.52441266,14.17899283,20999.00000000,0.39689241,7.30157846,8.56073768,10.95106003,18908.00000000,0.45429883,7.12468658,8.57398407,10.96557305,19088.00000000,0.45103678,7.23361517,8.53995786,11.41543670,18939.00000000,0.45340414
213,4.42514109,8.46658065,14.44118449,20793.00000000,0.40378495,7.09179871,8.57036804,10.95114931,19202.00000000,0.45173172,6.77715179,8.56398657,12.01109366,19484.00000000,0.44565836,7.02205578,8.56868344,11.04393585,19253.00000000,0.45027553
214,3.04912619,8.53282828,26.41748412,8783.00000000,0.40055965,6.53470635,8.52949640,18.23063222,7953.00000000,0.45508736,4.81788638,8.46906092,23.59753499,8286.00000000,0.43532779,6.41222441,8.54292566,18.28273345,7988.00000000,0.45268928
215,4.23547486,8.50207800,13.97935044,21132.00000000,0.39846285,6.68937894,8.58606511,11.48646004,19514.00000000,0.44277556,6.97777375,8.60638541,10.90623074,19265.00000000,0.44935117,6.72116637,8.58015420,11.43494780,19491.00000000,0.44343232
216,3.74068814,8.44395079,31.37962670,4952.00000000,0.43586238,7.83468640,8.37748497,18.55374275,4384.00000000,0.49329635,4.59055111,8.44121409,29.52477976,4708.00000000,0.45249448,7.84060471,8.39412853,18.69184598,4376.00000000,0.49422099
217,10.20655060,7.49050204,32.24675724,1052.00000000,0.64314790,12.38822358,7.40837337,12.39549553,1211.00000000,0.58442004,10.32130661,7.46185010,31.47289031,1061.00000000,0.64179608,12.48333107,7.37817433,12.11258144,1208.00000000,0.58544955
218,10.38002844,7.47436322,32.28018621,1058.00000000,0.65001654,13.51037347,7.20342466,13.24468013,1093.00000000,0.62568493,9.80552078,7.51571287,32.09341207,1116.00000000,0.63083030,13.35455870,7.15068493,12.79499446,1110.00000000,0.61986301
219,3.26870597,8.51898217,26.65592267,8788.00000000,0.40209552,6.06443657,8.53905241,20.42677696,8196.00000000,0.44286588,4.75779817,8.47751768,23.61274071,8269.00000000,0.43234709,6.16193057,8.53796479,20.32306441,8166.00000000,0.44490517
220,4.72241640,8.52187472,11.74947571,26213.00000000,0.40332787,7.22196902,8.58228139,9.65614072,23850.00000000,0.45161068,7.12678787,8.57655568,9.65754846,23949.00000000,0.45008037,7.06351411,8.57152054,10.12374837,23983.00000000,0.44855257
221,10.80268622,7.43020041,29.60569334,1011.00000000,0.65065653,13.25644620,7.30450195,12.11422080,1106.00000000,0.60794045,12.13407965,7.18379516,29.16430334,901.00000000,0.68397054,13.14460394,7.31513648,12.20365583,1112.00000000,0.60581354
222,3.38516728,8.50334974,26.34051220,8668.00000000,0.40743779,6.78958854,8.54877384,16.89834925,7993.00000000,0.45551771,4.87336618,8.47211459,23.34956735,8150.00000000,0.43606421,6.70488044,8.55824251,16.95707140,8014.00000000,0.45408719
223,4.39652553,8.51739019,14.46447228,20844.00000000,0.40430396,6.86967643,8.56768509,11.42947188,19321.00000000,0.44727658,7.01165693,8.57362157,10.86809960,19132.00000000,0.45000862,6.88456359,8.56511042,11.38215728,19307.00000000,0.44767708
224,4.27279803,8.41877794,30.87567540,4835.00000000,0.44571822,8.40548438,8.35864297,17.64944309,4299.00000000,0.50392338,5.16878458,8.36705801,29.21292439,4654.00000000,0.46431860,8.34730863,8.37225940,17.68333403,4308.00000000,0.50288484
225,4.84894859,8.46689845,14.66324895,20434.00000000,0.41284984,7.17434533,8.54715407,11.44963009,18993.00000000,0.45373752,7.20612649,8.55604661,11.32402681,19020.00000000,0.45416978,7.23354347,8.56682677,10.97047231,18958.00000000,0.45474417
226,4.57989164,8.35350063,30.82789731,4753.00000000,0.45536840,7.91014144,8.35468320,18.22026953,4395.00000000,0.49552342,4.65322657,8.38022380,29.65404765,4767.00000000,0.45569765,7.70045579,8.36157025,18.27233307,4439.00000000,0.49047291
227,4.48186992,8.51734252,14.65336688,20876.00000000,0.40551316,7.32078200,8.54925057,10.80886096,18977.00000000,0.45613733,7.23733540,8.56772525,10.87301850,18977.00000000,0.45460555,7.28214474,8.55025363,10.85746502,19008.00000000,0.45524890
228,4.38530515,8.46405870,19.71871719,13747.00000000,0.41354891,6.37205470,8.53994796,15.73230097,13123.00000000,0.44021670,6.74602904,8.52208405,15.69923329,12836.00000000,0.44957118,6.59988019,8.53538370,15.16639847,13009.00000000,0.44507955
229,4.34742014,8.50065977,19.69721578,13782.00000000,0.41335717,6.39806492,8.55765677,15.40319125,12996.00000000,0.44144067,6.24150906,8.51766066,17.20346719,13053.00000000,0.44115255,6.35948209,8.55619547,15.68489148,13010.00000000,0.44083896
230,4.82793762,8.36203927,29.97576709,4667.00000000,0.46411758,7.49805543,8.36205893,19.44088095,4345.00000000,0.49400256,4.80885087,8.40816559,27.91869842,4762.00000000,0.45843284,7.38637459,8.38127402,19.65456744,4357.00000000,0.49260510
231,3.95582446,8.48299877,25.62048605,8484.00000000,0.42072921,6.27488482,8.53917335,17.98475276,8004.00000000,0.45136747,4.41415145,8.48367403,24.87350790,8307.00000000,0.43016875,6.35112492,8.53588320,17.89091540,7982.00000000,0.45287545
232,5.03736775,8.50110824,12.01978378,25716.00000000,0.41238032,7.05293095,8.59674585,9.62644638,24225.00000000,0.44718286,7.19215739,8.58884826,9.58621658,23985.00000000,0.45189671,7.03434700,8.59788686,9.59413779,24242.00000000,0.44679492
233,12.49517995,7.21237040,27.44440596,880.00000000,0.68537719,13.68114369,7.16509599,13.03961597,1077.00000000,0.62408377,12.97089260,7.13955144,27.41332308,859.00000000,0.69419722,13.75882805,7.15078534,13.04120305,1076.00000000,0.62443281
234,4.84714204,8.48390333,15.00415271,20425.00000000,0.41447123,6.86615885,8.57462772,11.56695950,19320.00000000,0.44673540,7.06581555,8.60289647,10.67339355,19143.00000000,0.45101807,7.05528400,8.58115693,10.80449568,19199.00000000,0.45020046
235,4.33255087,8.45631404,25.26944927,8269.00000000,0.42751315,7.19764750,8.49400864,16.99761808,7658.00000000,0.46649018,5.09085793,8.43382806,24.50269795,8153.00000000,0.44237740,7.23032871,8.50815104,16.88122288,7639.00000000,0.46781385
236,4.86728679,8.50124731,14.82550236,20404.00000000,0.41493907,6.77779693,8.55620538,12.26339084,19359.00000000,0.44499871,7.13650224,8.59111200,10.67847843,19167.00000000,0.45152521,6.69642320,8.56400333,12.30075088,19419.00000000,0.44327858
237,4.71927828,8.46885232,20.31832054,13358.00000000,0.42452180,6.86076489,8.50357913,15.14693979,12700.00000000,0.45235015,6.62858964,8.49556373,16.38657128,12723.00000000,0.44933997,6.81598528,8.49202242,15.72813952,12712.00000000,0.45183269
238,4.34458908,8.50749727,25.49871461,8397.00000000,0.42768539,6.94457714,8.49937621,17.04006509,7762.00000000,0.46201830,4.86809235,8.45532801,24.73826755,8092.00000000,0.43825061,6.84148366,8.50741614,17.32418561,7790.00000000,0.46007763
239,4.83813966,8.41851473,29.23026802,4797.00000000,0.45445241,7.97217162,8.45456578,16.52284473,4585.00000000,0.48753772,5.08169194,8.41319762,28.90451061,4711.00000000,0.46123056,7.95317138,8.44752431,16.70453809,4595.00000000,0.48642003
240,4.64344530,8.51180798,20.05989587,13507.00000000,0.41897879,6.80086991,8.49239454,16.29935344,12765.00000000,0.44995045,6.82962190,8.54028477,14.84301615,12830.00000000,0.44810083,6.56347102,8.49019692,16.90356361,12875.00000000,0.44521050
241,11.42856769,7.38403820,27.28686328,1002.00000000,0.65825375,13.95807650,7.19757249,13.47452529,1062.00000000,0.64194201,11.86624336,7.37728329,26.06618405,1027.00000000,0.65891730,13.73161695,7.21476736,13.08110393,1083.00000000,0.63486177
242,4.78706438,8.49171318,20.16668619,13439.00000000,0.42297123,6.31361635,8.51654229,16.92426190,13023.00000000,0.43825217,6.53008045,8.52412480,16.24810198,12850.00000000,0.44393959,6.26738241,8.52133029,16.86401497,13046.00000000,0.43726006
243,12.97803921,7.21238326,25.13332369,904.00000000,0.68730543,13.09801632,7.17825935,12.51511436,1093.00000000,0.61796575,12.16222323,7.27505906,25.21827417,987.00000000,0.66689166,13.11794419,7.19993009,12.79517780,1088.00000000,0.61971339
244,4.98627873,8.45369521,20.45932792,13067.00000000,0.42891482,6.70713661,8.49695425,16.21248499,12741.00000000,0.44956150,6.53040513,8.53739191,16.41795653,12718.00000000,0.44735584,6.53970731,8.51475353,16.29501766,12825.00000000,0.44593252
245,4.90355598,8.48263710,20.11477790,13342.00000000,0.42659446,6.86765625,8.50619195,15.46694636,12714.00000000,0.45330237,6.22903920,8.55348558,16.71991305,13058.00000000,0.43947459,6.76228207,8.51044892,15.89985894,12761.00000000,0.45128139
246,12.55697961,7.18882072,26.76694838,939.00000000,0.67995910,13.04118156,7.44680146,10.38588925,1237.00000000,0.58999006,12.10209626,7.34566241,24.54378448,1016.00000000,0.65837256,13.09772956,7.44348691,10.40198777,1234.00000000,0.59098442
247,5.16359000,8.50569470,15.37355228,20147.00000000,0.42200993,7.41092113,8.57921884,10.59035734,18937.00000000,0.45734590,7.23603201,8.55235279,11.51893683,18974.00000000,0.45525538,7.12806491,8.55841476,11.98891478,19125.00000000,0.45195862
248,4.53531063,8.49258954,24.84325799,8253.00000000,0.43371758,7.10977459,8.50289964,16.79021301,7796.00000000,0.46810398,5.59540217,8.41986737,23.12460152,7916.00000000,0.45316386,7.03481728,8.52684724,16.62145718,7821.00000000,0.46639831
249,5.15900099,8.50281506,15.18561617,20342.00000000,0.42157643,7.28933279,8.55880918,11.07095778,19000.00000000,0.45454023,7.19491428,8.56355981,11.10592750,19108.00000000,0.45268103,7.38429887,8.56765137,10.45433607,18954.00000000,0.45586082
250,13.04370543,7.23379310,23.77469298,913.00000000,0.68517241,13.57812938,7.25053305,12.16621432,1068.00000000,0.62046908,11.94721398,7.27174646,26.07453481,991.00000000,0.66587997,13.76982761,7.20326937,12.43854468,1057.00000000,0.62437811
251,5.22887994,8.39307212,27.21920688,4723.00000000,0.46360023,8.47402078,8.33613445,16.67878914,4299.00000000,0.50512260,5.76004250,8.37938949,25.84144724,4584.00000000,0.47394997,8.51969701,8.32393231,16.42691725,4295.00000000,0.50558306
252,4.72661074,8.46451121,24.63887146,8133.00000000,0.43571775,7.34714191,8.46715278,16.72589539,7652.00000000,0.47361904,5.14213752,8.45150410,23.99151958,8093.00000000,0.44289943,7.39185625,8.46295659,16.75639887,7641.00000000,0.47437573
253,5.47633228,8.42193998,27.21327555,4731.00000000,0.46824772,8.52143180,8.35484969,15.74647202,4409.00000000,0.49982984,5.95460916,8.38507973,25.47300764,4589.00000000,0.47733485,8.63223214,8.35224050,15.85756689,4384.00000000,0.50266591
254,6.13631546,8.32530262,26.87229327,4377.00000000,0.48560348,8.87864306,8.28156899,18.77464396,4195.00000000,0.51886684,6.38088033,8.27402052,26.48998526,4353.00000000,0.49242071,8.62216035,8.29269412,19.03509649,4243.00000000,0.51336162
255,4.80866332,8.50506221,19.93918001,13431.00000000,0.42380952,6.63919691,8.57685486,14.82666477,12789.00000000,0.44672291,6.43920922,8.56036740,15.83387128,12941.00000000,0.44456844,6.89042040,8.56647199,14.64654479,12654.00000000,0.45256327
256,12.13227072,7.37987338,23.74889896,1014.00000000,0.66211263,12.38367182,7.28767594,12.28346160,1182.00000000,0.59423275,12.66585367,7.30535117,22.64652316,996.00000000,0.66688963,12.43322116,7.27291452,12.40708935,1177.00000000,0.59594919
257,5.50840989,8.51454633,15.51040888,20130.00000000,0.42976120,7.14368767,8.61036995,11.15336353,19210.00000000,0.45122125,7.10759674,8.56597947,12.13718778,19174.00000000,0.45174849,7.15201104,8.60788459,11.16516070,19204.00000000,0.45139266
258,13.57841855,7.10338805,23.55760287,868.00000000,0.69682152,13.94823758,7.17611408,12.83458575,1012.00000000,0.63921569,13.84368250,6.91834532,22.38018871,838.00000000,0.69856115,13.80674507,7.19536542,12.63011853,1024.00000000,0.63493761
259,5.98785237,8.36133580,26.40972206,4516.00000000,0.47816039,9.43487481,8.28321354,15.53791458,4099.00000000,0.52480872,6.24187263,8.38384414,25.07452174,4536.00000000,0.48319471,9.25040305,8.29376304,15.93069844,4132.00000000,0.52098307
260,5.43316126,8.48831325,19.65126019,13159.00000000,0.43564781,6.85325830,8.54164147,15.01202077,12734.00000000,0.44993521,6.61413071,8.53396259,15.47219720,12838.00000000,0.44668563,6.86907598,8.55058315,14.86112731,12721.00000000,0.45049676
261,5.65859596,8.49332797,15.64879520,19698.00000000,0.43350972,7.15289559,8.55416991,11.96404550,18972.00000000,0.45232528,7.09686883,8.55760184,11.96507556,19123.00000000,0.45143431,7.13670159,8.55881759,11.95634672,18978.00000000,0.45215207
262,6.28443472,8.35855526,25.70338645,4533.00000000,0.48188364,9.48637373,8.31887278,14.82330843,4101.00000000,0.52046305,7.52040109,8.23710860,24.64375320,4212.00000000,0.50971947,9.55522147,8.29115996,14.82852406,4093.00000000,0.52139850
263,6.48612455,8.35674125,25.86114318,4435.00000000,0.49110729,9.12565277,8.29460818,15.73970236,4238.00000000,0.51587846,6.45221984,8.33552253,25.06646061,4446.00000000,0.48772900,9.03244911,8.29929175,15.73880776,4260.00000000,0.51336532
264,5.99486660,8.48374997,13.09476369,24641.00000000,0.43642934,7.30921978,8.60862203,9.35334994,23897.00000000,0.45318292,7.20493296,8.60009621,9.92707917,23961.00000000,0.45110302,7.25263881,8.60983479,9.36542088,23952.00000000,0.45192440
265,6.24115528,8.45019375,13.36406432,24060.00000000,0.44172448,7.41517266,8.58266531,9.50206150,23474.00000000,0.45614198,7.23409515,8.56173526,10.43651378,23648.00000000,0.45198369,7.38562604,8.57863398,9.57521559,23501.00000000,0.45551643
266,5.27492615,8.49351153,19.58482204,13141.00000000,0.43345549,6.97089047,8.54712753,13.84260393,12701.00000000,0.45261389,6.87047222,8.55039560,15.18467079,12731.00000000,0.45257138,7.08805017,8.53954230,13.84806257,12637.00000000,0.45537215
267,5.87719392,8.45407594,22.87502690,7748.00000000,0.45924065,7.77305105,8.44821602,16.19103648,7491.00000000,0.48000833,6.13015036,8.42533147,22.37924366,7694.00000000,0.46308444,7.88089667,8.44606414,15.95498188,7460.00000000,0.48216021
268,5.27934420,8.46725845,22.74414833,8128.00000000,0.44499829,7.60624837,8.49497868,15.86289304,7592.00000000,0.47778236,6.18466352,8.46579895,21.47954430,7751.00000000,0.46337580,7.66121641,8.48438575,15.64334458,7583.00000000,0.47840143
269,5.50820225,8.50583109,19.58810179,13150.00000000,0.43825025,7.25521086,8.49991391,15.32915951,12502.00000000,0.46186295,6.80650048,8.54309941,15.72536552,12875.00000000,0.45140398,7.25717401,8.50783402,15.25558883,12494.00000000,0.46220730
270,5.53004562,8.50739931,19.38523663,13097.00000000,0.43821044,6.65288794,8.52417620,15.42392008,12838.00000000,0.44773294,6.98746082,8.53004994,15.33411575,12642.00000000,0.45574307,6.55153714,8.52994063,15.71345885,12881.00000000,0.44588316
271,6.93153643,8.33379406,24.15224152,4353.00000000,0.49861783,9.37888587,8.25109472,15.24287723,4127.00000000,0.52442959,6.54225268,8.36293392,24.22739354,4431.00000000,0.48898628,9.40679709,8.25178613,15.51580390,4121.00000000,0.52512100
272,13.26103312,7.20707242,21.43983716,957.00000000,0.67460048,13.74784645,7.16045945,12.21380060,1068.00000000,0.62826314,12.88763410,7.10420910,19.47199746,991.00000000,0.66361168,13.76366279,7.14061956,12.25949426,1063.00000000,0.63000348
273,14.08255894,6.98483780,18.37776352,892.00000000,0.68547250,12.68782769,7.39319208,10.82196585,1169.00000000,0.59395623,13.66506301,7.12316114,20.91384688,919.00000000,0.68559699,12.58622740,7.40847516,10.63497753,1179.00000000,0.59048281
274,5.81694557,8.53567654,13.33416706,24740.00000000,0.43165633,7.20086471,8.61450758,9.27663277,23968.00000000,0.45016173,7.09432834,8.62092805,9.20066251,24177.00000000,0.44653527,7.11271740,8.60780895,9.84455486,24026.00000000,0.44883118
275,6.05092150,8.46537320,22.02679197,7800.00000000,0.46143755,7.39757484,8.49502747,16.70203453,7585.00000000,0.47249461,6.22230948,8.42404493,21.91892942,7744.00000000,0.46307980,7.44875951,8.50455525,16.52714534,7571.00000000,0.47346825
276,5.53929869,8.47758204,22.17032037,7970.00000000,0.44939551,7.66996685,8.49674947,14.79002190,7682.00000000,0.47430370,6.46403576,8.42917474,20.98316057,7688.00000000,0.46773747,7.65435255,8.50516663,14.75888684,7689.00000000,0.47382468
277,5.90831201,8.45998065,22.26671784,7839.00000000,0.45818358,7.60219495,8.53685941,14.72372765,7660.00000000,0.47519868,6.42711003,8.46469939,20.54581323,7716.00000000,0.46800883,7.56719645,8.52692518,14.91897728,7661.00000000,0.47513017
278,5.73194360,8.51324834,15.44703347,19831.00000000,0.43438578,6.99293544,8.56561891,12.19585778,19147.00000000,0.45087186,7.04644150,8.57741926,11.79651091,18988.00000000,0.45198996,6.88844102,8.56183320,12.78597608,19201.00000000,0.44932316
279,12.80988344,7.19313594,19.14266824,1022.00000000,0.65612382,12.62552422,7.34221311,11.53095686,1140.00000000,0.61065574,14.26227990,6.96301323,15.67134459,947.00000000,0.67865626,12.70257732,7.37124317,11.55956330,1134.00000000,0.61270492
280,13.40753065,7.14737192,17.75587915,1005.00000000,0.66566866,12.78696449,7.42376992,10.14449236,1178.00000000,0.59182259,13.71316913,7.09150552,18.40055768,921.00000000,0.68197514,12.59420049,7.39535690,10.35343793,1183.00000000,0.59009009
281,6.91807995,8.35484604,22.11875207,4460.00000000,0.49323940,9.30480183,8.31974709,13.53336388,4318.00000000,0.51247601,6.66329618,8.35166837,23.43255878,4492.00000000,0.48844095,9.33920800,8.30687592,13.74278235,4306.00000000,0.51383087
282,5.97928234,8.45042670,21.15978072,7804.00000000,0.45854437,7.87055137,8.47782160,14.42946281,7526.00000000,0.47920559,6.33382505,8.44442171,20.56359111,7835.00000000,0.46569831,7.91738489,8.46993288,14.67331124,7506.00000000,0.48058958
283,6.12967414,8.51192959,15.21185450,19519.00000000,0.44226648,6.85618672,8.56032148,13.09609510,19211.00000000,0.44659215,7.04089966,8.54304142,13.14409889,19186.00000000,0.45002150,6.88407234,8.55706631,12.93398668,19194.00000000,0.44708187
284,6.03214539,8.45120859,21.13256045,7849.00000000,0.45947249,7.79917720,8.46497078,14.41880788,7574.00000000,0.47927123,6.39408706,8.44849108,20.31941905,7780.00000000,0.46639232,7.61847070,8.49288415,14.43199004,7632.00000000,0.47528360
285,6.08624939,8.44156639,20.65526568,7958.00000000,0.45897070,7.73970183,8.49440807,15.31594502,7663.00000000,0.47742771,6.24993870,8.43497050,20.48918866,7819.00000000,0.46364385,7.80443005,8.49024823,15.35843423,7641.00000000,0.47892799
286,6.43560156,8.49574345,13.44192020,24038.00000000,0.44542623,7.34190057,8.57559358,10.28220959,23676.00000000,0.45475900,7.25171777,8.55839164,10.93765133,23747.00000000,0.45343859,7.34603297,8.57140225,10.71568305,23638.00000000,0.45563411
287,12.76581413,7.12066621,17.28190784,1006.00000000,0.65805574,11.60902130,7.50482850,10.60226662,1278.00000000,0.57442557,12.89793775,7.27330226,19.94883692,1021.00000000,0.66011984,11.65645247,7.47985348,10.58289763,1277.00000000,0.57475857
288,6.11035351,8.52263023,18.19160491,12900.00000000,0.44918873,7.31937235,8.53573584,14.49391803,12515.00000000,0.46051384,7.44710214,8.53484568,13.86071748,12477.00000000,0.46291593,7.34790792,8.53263212,14.29113268,12498.00000000,0.46124666
289,5.97311296,8.52518230,17.67813055,13070.00000000,0.44590470,7.14987896,8.55226766,13.99658712,12861.00000000,0.45941743,6.86232975,8.56189022,14.48388572,12918.00000000,0.45202342,7.03811841,8.55924509,14.20067731,12918.00000000,0.45702156
290,6.43257095,8.45180723,20.24204770,7770.00000000,0.46809967,8.02133663,8.41077019,15.61989398,7359.00000000,0.48799833,6.22632216,8.49456782,19.15877788,7873.00000000,0.46204305,8.09021810,8.41849301,15.39548487,7339.00000000,0.48938983
291,5.88023585,8.55798943,15.11794828,19745.00000000,0.43609881,6.94105185,8.56680439,12.83543981,19410.00000000,0.44692976,7.10256036,8.56376857,11.99556845,19171.00000000,0.45117517,6.93809685,8.56005129,12.83353043,19418.00000000,0.44670181
292,7.68173746,8.30728689,20.47623354,4267.00000000,0.51111366,9.42735750,8.29417101,14.95380438,4225.00000000,0.52086641,7.71578249,8.28965438,20.23838724,4285.00000000,0.50961318,9.52688596,8.26786119,14.55465438,4221.00000000,0.52132003
293,6.17721100,8.54652645,13.26156767,24637.00000000,0.43920149,7.21693458,8.62003056,9.37788201,24127.00000000,0.44969550,7.32729433,8.59272960,9.85861611,23941.00000000,0.45332694,6.95979793,8.61546883,10.55507753,24336.00000000,0.44492849
294,8.47812212,8.20324160,19.60029358,4091.00000000,0.52297108,10.08484078,8.18698431,12.42317376,4062.00000000,0.52794887,8.35930545,8.21981243,19.43162093,4085.00000000,0.52110199,10.23814064,8.18373039,12.19346576,4031.00000000,0.53155142
295,6.01214776,8.53514700,17.62547636,12857.00000000,0.44655848,7.02076254,8.57400738,13.41695652,12699.00000000,0.45549267,7.01394584,8.56744988,13.39745904,12610.00000000,0.45634835,7.10182187,8.56187291,13.17269783,12661.00000000,0.45712203
296,6.13973112,8.49087063,17.51287117,12783.00000000,0.44822377,7.14018173,8.56445153,13.93961641,12581.00000000,0.45815927,7.33840096,8.52410703,13.73470284,12509.00000000,0.46102805,7.15754905,8.55527801,13.91370912,12580.00000000,0.45820233
297,6.50541665,8.51099597,13.27948414,24022.00000000,0.44681635,7.43780549,8.60902721,9.53252217,23761.00000000,0.45587158,7.24803814,8.58576647,11.07161459,23804.00000000,0.45317130,7.23348756,8.59054685,10.94119234,23906.00000000,0.45255107
298,6.38110346,8.50729202,19.11525041,7873.00000000,0.46093803,8.09104961,8.47559795,13.91884954,7507.00000000,0.48105903,6.63444798,8.47021772,18.93235095,7778.00000000,0.46747912,8.01881248,8.48880133,13.98287826,7518.00000000,0.48029863
299,7.74141886,8.32518198,19.70846747,4331.00000000,0.50739308,9.56750478,8.29418357,14.00226111,4283.00000000,0.52000448,7.77485768,8.30756227,19.45898500,4383.00000000,0.50602953,9.57576630,8.29451978,14.12167383,4279.00000000,0.52045276
300,13.47042927,7.13288685,14.64014916,966.00000000,0.65949947,12.79648214,7.53835125,9.39442890,1146.00000000,0.58924731,13.57985514,7.03455497,14.14901058,996.00000000,0.65235602,12.94570004,7.53082437,9.59352442,1134.00000000,0.59354839
301,6.28613681,8.51623664,18.61595969,7898.00000000,0.46231874,7.80754366,8.49679837,13.25350223,7633.00000000,0.48004087,6.42686193,8.49703224,18.04396618,7960.00000000,0.46310536,7.80573252,8.49775204,13.32015404,7633.00000000,0.48004087
302,6.53008318,8.51894636,14.81052657,18861.00000000,0.44981185,7.39263518,8.54967768,11.89326669,18695.00000000,0.45957275,7.07997780,8.56715595,12.36699739,18894.00000000,0.45190299,7.36654728,8.54724944,12.35082293,18691.00000000,0.45968838
303,12.65579674,7.36542373,14.33412320,1086.00000000,0.63186441,12.35811658,7.54322268,9.29976515,1243.00000000,0.57019364,11.94558005,7.21157138,14.55140341,1096.00000000,0.62478603,12.40389057,7.56915629,9.11646805,1244.00000000,0.56984786
304,6.78827898,8.49439190,13.15819926,23653.00000000,0.45299600,7.24317232,8.58580004,10.25208350,23848.00000000,0.45150532,7.04371879,8.59167012,10.92050806,24030.00000000,0.44735753,7.11625597,8.58414407,10.87869940,23933.00000000,0.44955036
305,6.09630631,8.56449975,16.43389416,13063.00000000,0.44713899,7.18413025,8.56869983,13.17750619,12618.00000000,0.45838520,7.24657168,8.56812559,13.17252962,12667.00000000,0.45964508,7.15248676,8.56148860,13.20956608,12640.00000000,0.45744087
306,12.01996584,7.27883311,14.40306815,1124.00000000,0.61872456,11.24500466,7.65060241,9.03412201,1293.00000000,0.55490534,12.73383783,7.23334461,14.55533490,1048.00000000,0.64558674,11.07807234,7.67263339,9.10441229,1300.00000000,0.55249570
307,7.73718743,8.35557327,18.38461306,4348.00000000,0.50495275,9.92488236,8.25614195,11.82173757,4168.00000000,0.52593267,7.86851080,8.33758753,16.89857277,4361.00000000,0.50745426,9.96680023,8.24442675,11.64267153,4171.00000000,0.52559145
308,6.35341935,8.54653525,16.35101875,12708.00000000,0.45065491,7.58769286,8.57540534,11.86202063,12507.00000000,0.46354122,7.42290577,8.55897149,12.08674631,12546.00000000,0.46054951,7.72173302,8.55451660,11.55146283,12448.00000000,0.46607189
309,9.08720923,8.21222092,17.58240149,3959.00000000,0.53478261,10.44078757,8.15890795,10.72954502,3969.00000000,0.53692685,8.12098878,8.32063529,18.01512535,4232.00000000,0.51294740,10.36256931,8.16007467,11.01073329,3980.00000000,0.53564345
310,12.86261960,7.24484806,13.78186590,1039.00000000,0.63709396,10.85770558,7.63680556,8.98235995,1303.00000000,0.54756944,12.92092240,7.19598338,14.18981295,1046.00000000,0.63781163,10.59594993,7.66909722,8.99385249,1318.00000000,0.54236111
311,7.18805785,8.45924315,15.95688229,12260.00000000,0.46672466,7.91035469,8.53554113,11.51518799,12258.00000000,0.46935065,8.07514557,8.50455834,11.69120378,12066.00000000,0.47367503,7.93208359,8.52956710,11.40821021,12256.00000000,0.46943723
312,6.56697616,8.53231195,13.94122377,19174.00000000,0.44781707,7.15755753,8.59665000,11.24860024,19090.00000000,0.45153135,7.10430031,8.59176663,11.53205085,19197.00000000,0.45043085,7.21330610,8.60058611,10.96412434,19047.00000000,0.45276676
313,13.51577508,7.28140014,14.70620642,1015.00000000,0.65168154,12.41435846,7.52275960,9.24607719,1164.00000000,0.58605974,13.67315201,7.09285966,13.34251604,972.00000000,0.65810763,12.65185590,7.51849218,9.21894256,1149.00000000,0.59139403
314,8.66541699,8.28867967,16.35007471,4207.00000000,0.52279946,10.47554038,8.16324903,10.21077810,4062.00000000,0.53725222,8.17112122,8.31994476,16.20437635,4231.00000000,0.51306249,10.25042519,8.17634997,10.47396914,4107.00000000,0.53212577
315,8.83768797,8.25224913,17.03626639,4050.00000000,0.53287197,9.66552349,8.20777880,11.98449526,4131.00000000,0.52604406,8.26272687,8.30506912,16.36712257,4174.00000000,0.51912442,9.80463357,8.21248279,11.80253975,4099.00000000,0.52971547
316,6.79235256,8.52126843,15.38574185,12669.00000000,0.46002046,7.66821083,8.55919557,12.07277695,12418.00000000,0.46751855,7.31646082,8.58070445,12.45506449,12599.00000000,0.46144311,7.68573072,8.55572231,11.88666959,12404.00000000,0.46811886
317,6.64073751,8.54014284,13.65896429,19108.00000000,0.45191177,7.23012723,8.58669062,11.34824780,19106.00000000,0.45525048,7.24696668,8.57297842,11.38573107,18953.00000000,0.45458993,7.36129578,8.58814473,10.71858588,19010.00000000,0.45798763
318,6.78287826,8.54367823,13.58301289,19167.00000000,0.45246529,7.36599276,8.58184723,11.00462568,19102.00000000,0.45496048,7.25615546,8.59178854,10.97077006,19196.00000000,0.45382120,7.27344588,8.58062031,11.27143037,19159.00000000,0.45333409
319,6.67687729,8.57013616,12.55090849,24017.00000000,0.44853161,7.42557928,8.56845622,10.26033014,23652.00000000,0.45502304,7.27804803,8.58522308,10.62888007,23700.00000000,0.45381637,7.34070678,8.57370968,10.33589889,23726.00000000,0.45331797
320,6.78656372,8.55604030,13.31888492,19065.00000000,0.45279986,7.48428292,8.56595414,10.78716457,18821.00000000,0.45852873,7.30664716,8.58190667,11.24599052,18756.00000000,0.45667854,7.49715890,8.56028654,11.09054460,18795.00000000,0.45927673
321,8.67057346,8.27704395,15.07916164,4179.00000000,0.52414029,9.41413528,8.24847527,11.23332308,4254.00000000,0.51953919,7.89887280,8.36521545,15.46253348,4437.00000000,0.50595702,9.47537046,8.27219336,11.39252350,4236.00000000,0.52157217
322,12.47085081,7.40897098,13.49340523,1146.00000000,0.62203166,10.76477449,7.83477682,8.21562217,1388.00000000,0.53764157,11.78370919,7.40446816,11.96364306,1195.00000000,0.60153384,10.76017674,7.84477015,8.00852635,1389.00000000,0.53730846
323,6.98523031,8.51736667,14.20683733,12369.00000000,0.46498551,7.80865363,8.53660325,10.90483657,12269.00000000,0.47073034,8.05946751,8.52537884,10.61504834,12015.00000000,0.47831184,7.68150322,8.54760364,11.13635574,12318.00000000,0.46861654
324,6.87605346,8.56483077,12.25366182,23815.00000000,0.45279290,7.16440124,8.63741329,10.00651943,24110.00000000,0.44984483,7.32109690,8.59627600,10.30156777,23833.00000000,0.45348437,7.10261491,8.62803487,10.39592216,24152.00000000,0.44888645
325,6.77778023,8.58544754,12.02039172,24046.00000000,0.44841033,7.30437932,8.62111332,9.91435021,23906.00000000,0.45303956,7.33884437,8.59571294,10.12927751,23800.00000000,0.45379019,7.34624420,8.61770426,9.89402827,23861.00000000,0.45406914
326,8.92347046,8.22525519,15.47251744,4127.00000000,0.52666590,10.46524747,8.17026133,9.74331467,4095.00000000,0.53269428,9.10135291,8.28080393,14.02305170,4133.00000000,0.52803472,10.20813662,8.19764921,9.89219794,4149.00000000,0.52653201
327,9.24100147,8.18033734,14.46640513,4041.00000000,0.53315619,10.69894676,8.12238046,9.97007607,3969.00000000,0.54046544,9.09198811,8.24298216,13.67410876,4160.00000000,0.52721900,10.63166882,8.10478175,9.92778858,3978.00000000,0.53942341
328,12.42734112,7.36920415,13.18379500,1073.00000000,0.62871972,10.26642921,7.75793786,8.30998756,1363.00000000,0.53465347,11.85488387,7.31169733,11.10386583,1135.00000000,0.60603957,10.34865763,7.79617617,7.92497544,1367.00000000,0.53328781
329,13.37566022,7.29601386,11.98361257,1069.00000000,0.62946274,11.85073565,7.74499655,8.31912577,1283.00000000,0.55728088,12.01319294,7.43523842,11.52125092,1185.00000000,0.59925600,11.98895031,7.78019324,7.89524775,1282.00000000,0.55762595
330,6.94557711,8.56428296,13.39748186,12542.00000000,0.46197074,7.68209015,8.56097876,10.55542252,12407.00000000,0.46645738,7.56417842,8.56287839,10.10209031,12431.00000000,0.46242000,7.77330700,8.55719446,10.16667521,12373.00000000,0.46791950
331,7.20897324,8.52796237,13.10793933,12408.00000000,0.46457237,7.74499849,8.55852112,10.08406814,12456.00000000,0.46636963,7.76142130,8.55553653,9.69790492,12466.00000000,0.46642126,7.73255379,8.56640391,10.35612590,12440.00000000,0.46705509
332,7.55519407,8.46383713,13.92916050,7509.00000000,0.48178054,8.10875626,8.52975788,10.08934498,7725.00000000,0.47754633,7.80164507,8.47926013,13.37151426,7447.00000000,0.48602388,8.15476987,8.54240498,9.90976544,7713.00000000,0.47835791
333,9.41662405,8.22916428,14.12340145,4092.00000000,0.53089533,10.32562528,8.13471681,8.43760201,4169.00000000,0.52201330,9.15521991,8.24757448,12.91113144,4184.00000000,0.52242895,10.54907087,8.16429718,9.06409469,4108.00000000,0.52900711
334,7.16582376,8.53573782,12.28108533,18882.00000000,0.45907698,7.60118065,8.56899665,9.92601662,18815.00000000,0.46078010,7.65583870,8.56286634,10.11411910,18713.00000000,0.46233192,7.75578179,8.54440719,9.91399762,18701.00000000,0.46404723
335,7.45978267,8.46900473,13.38650999,7621.00000000,0.47797794,8.53437195,8.44727798,9.70725580,7440.00000000,0.48858950,7.66143185,8.47373441,12.76639013,7573.00000000,0.48402262,8.64129717,8.43648611,9.52061710,7412.00000000,0.49051416
336,7.24209590,8.55205554,11.86916977,18830.00000000,0.45979287,7.39819434,8.60009757,9.72142359,18944.00000000,0.45635080,7.56747925,8.60527142,9.68289043,18926.00000000,0.46013635,7.33396821,8.60468920,9.94305915,18987.00000000,0.45511680
337,7.18601418,8.55757381,11.20334623,23624.00000000,0.45681964,7.42080264,8.60221147,9.37908721,23673.00000000,0.45466482,7.45189574,8.60348127,9.31261111,23616.00000000,0.45553890,7.24374930,8.61278507,9.68777494,23842.00000000,0.45077171
338,8.80823479,8.26601098,12.97619787,4215.00000000,0.51795517,9.58472509,8.20573566,9.37193424,4300.00000000,0.51258218,9.24363220,8.23784151,11.94744908,4155.00000000,0.52896497,9.49387847,8.21786443,9.68573948,4308.00000000,0.51167536
339,9.27095721,8.19993014,13.16170902,4079.00000000,0.52503493,10.65934051,8.04609402,7.82905437,4168.00000000,0.52327576,9.87065876,8.18195233,11.21003538,4134.00000000,0.53076050,10.78269543,8.03740135,7.92723598,4137.00000000,0.52682146
340,7.14853891,8.58514580,10.92634648,23653.00000000,0.45561463,7.28982200,8.64143089,9.27379645,23952.00000000,0.45216258,7.56055905,8.59508412,9.17306883,23572.00000000,0.45750385,7.36146550,8.63081814,9.19185292,23886.00000000,0.45367215
341,7.37318783,8.53646488,12.25015389,12286.00000000,0.46760844,8.08095172,8.51927753,10.06693115,12114.00000000,0.47403612,7.91657289,8.56255419,9.39177456,12240.00000000,0.46939483,8.02892357,8.52440083,10.00679311,12138.00000000,0.47299410
342,9.35332970,8.26132324,12.31159653,4168.00000000,0.52207316,10.33938463,8.11586555,8.11207517,4205.00000000,0.51760927,9.82935671,8.16859988,11.29175682,3982.00000000,0.53345050,10.34738380,8.11196513,7.90215050,4212.00000000,0.51680624
343,7.85993864,8.52062650,11.29555563,12252.00000000,0.47569326,8.26010947,8.52876617,9.98285996,11971.00000000,0.47863769,8.26602724,8.53706062,9.21580604,12338.00000000,0.47622686,8.23022300,8.52846130,10.23301775,11979.00000000,0.47828927
344,7.63782533,8.53287419,11.51083137,12280.00000000,0.47469735,7.97760326,8.54496357,9.39505113,12291.00000000,0.47316760,8.60360493,8.47462648,9.15566645,11952.00000000,0.48686244,7.89370901,8.54680669,9.90952163,12328.00000000,0.47158165
345,7.10650475,8.60901615,10.14566582,23737.00000000,0.45320311,7.55441597,8.61244284,8.69267580,23484.00000000,0.45766939,7.60345740,8.60624712,8.60376409,23462.00000000,0.45915168,7.51405493,8.61937093,8.70953650,23524.00000000,0.45674565
346,9.42295705,8.23164305,12.04721586,4034.00000000,0.52757934,10.57315515,8.06857009,8.46166864,4002.00000000,0.53171074,9.84587705,8.12495645,10.55219339,4008.00000000,0.53454883,10.45300765,8.08354786,8.52749527,4016.00000000,0.53007255
347,7.18557046,8.60827712,10.10292370,23827.00000000,0.45519607,7.57415197,8.62472543,8.38609249,23692.00000000,0.45789859,7.46238138,8.61922637,8.50134589,23839.00000000,0.45436027,7.61090384,8.62504576,8.35334881,23652.00000000,0.45881384
348,7.23495198,8.59442908,9.93307690,23815.00000000,0.45581884,7.62821715,8.59981620,8.48850481,23574.00000000,0.45838024,7.57802473,8.61371291,8.31641254,23497.00000000,0.45791999,7.61807193,8.60296381,8.36653173,23591.00000000,0.45798966
349,9.67479323,8.20399772,10.80951109,4131.00000000,0.52815534,10.11874984,8.15539927,8.22973649,4207.00000000,0.52279946,9.89110001,8.16140874,10.16012381,4051.00000000,0.53527590,10.19871121,8.12953721,8.06519720,4209.00000000,0.52257260
350,11.88549218,7.44216484,10.74888766,1159.00000000,0.59002476,11.16761531,7.85860367,7.25843641,1305.00000000,0.53984485,10.99101177,7.67723045,8.31734488,1297.00000000,0.55322081,11.02553008,7.88152327,7.03713775,1310.00000000,0.53808181
351,7.67537475,8.52257642,10.51960142,12015.00000000,0.47532751,8.29953000,8.50674148,8.48107511,11946.00000000,0.48042797,7.83414975,8.54387482,8.26083015,12278.00000000,0.46926602,8.42768147,8.50304454,8.35545619,11881.00000000,0.48325505
352,12.03317661,7.64028520,8.74621918,1210.00000000,0.56862745,10.08476313,8.04221355,6.45766596,1399.00000000,0.50372473,11.32175556,7.73377762,8.26538892,1259.00000000,0.55840056,10.69231019,7.94217808,6.91636177,1357.00000000,0.51862363
353,9.98030510,8.19146746,10.79068458,4084.00000000,0.53288345,10.09376204,8.19680548,9.90855602,4180.00000000,0.52310325,9.66893141,8.17926166,11.11137773,4083.00000000,0.52748524,9.91550554,8.20524815,9.50819633,4216.00000000,0.51899601
354,7.91915455,8.46818399,10.94190808,7568.00000000,0.48274212,9.14511016,8.38299773,7.92298422,7353.00000000,0.49467391,8.53225214,8.42793837,10.09161075,7405.00000000,0.49515953,9.06193263,8.38842691,8.18008765,7378.00000000,0.49295581
355,7.23357731,8.62578689,9.39888774,23684.00000000,0.45586546,7.61405745,8.61104328,8.02214570,23560.00000000,0.45728041,7.67780561,8.61551004,8.16254517,23510.00000000,0.46011115,7.62990031,8.61744719,8.11106237,23531.00000000,0.45794845
356,7.56375970,8.59975526,9.07470550,23263.00000000,0.46288472,7.66608695,8.60928773,7.96148812,23421.00000000,0.45942390,7.92110260,8.58723286,7.87759129,23164.00000000,0.46365973,7.66689392,8.61145732,7.96441756,23423.00000000,0.45937774
357,11.83632793,7.57490168,9.80074708,1189.00000000,0.57490168,10.36049242,7.94027244,6.65779265,1373.00000000,0.52043311,11.06442910,7.77857399,8.10161677,1232.00000000,0.55858115,11.09369226,7.75969263,7.54960737,1319.00000000,0.53929445
358,7.43018396,8.60386672,8.91091501,23691.00000000,0.45859043,7.99022291,8.58765956,7.72369458,23117.00000000,0.46637889,7.95595013,8.58275942,7.80879161,23135.00000000,0.46533395,8.00398219,8.58574363,7.70447152,23101.00000000,0.46674823
359,12.24914080,7.58298898,10.08442753,1206.00000000,0.58471074,12.07452198,7.62533422,9.37953649,1317.00000000,0.55982620,12.02497952,7.60884354,8.89547020,1263.00000000,0.57040816,11.73690721,7.73429144,8.85240976,1349.00000000,0.54913102
360,7.38268986,8.60889347,8.75411530,18908.00000000,0.45895213,7.66559408,8.62285419,7.88171564,18774.00000000,0.46016045,8.06055451,8.59120690,7.57953353,18448.00000000,0.46988506,7.64851273,8.62420565,7.93535860,18790.00000000,0.45970038
361,7.44183731,8.60750500,8.48204517,23533.00000000,0.45889954,7.57962537,8.63706883,7.59629044,23702.00000000,0.45603929,7.71125150,8.61282246,7.40821117,23546.00000000,0.45912296,7.63308865,8.63211163,7.40879906,23663.00000000,0.45693434
362,7.62751219,8.60181308,8.04525629,23432.00000000,0.46086236,7.95287454,8.58966642,7.35287395,23303.00000000,0.46464345,7.78848750,8.60995394,7.30503412,23544.00000000,0.46050732,7.87810790,8.59697206,7.17433109,23378.00000000,0.46292042
363,9.62789222,8.21316216,9.91694257,4093.00000000,0.52660190,10.27705659,8.09266767,7.66184339,4126.00000000,0.52206649,9.72769206,8.16022609,8.16219917,4171.00000000,0.51886031,10.06080873,8.14108653,7.50512643,4177.00000000,0.51615893
364,7.70151264,8.60531912,7.95466287,23505.00000000,0.46248485,7.85734534,8.61260890,7.43062564,23429.00000000,0.46288400,8.12752100,8.57881024,7.30514809,23014.00000000,0.46935670,7.72058391,8.62379642,7.34721303,23566.00000000,0.45974324
365,10.05558633,7.94410569,7.96756856,1397.00000000,0.52676152,10.05467964,8.09507042,6.30479635,1386.00000000,0.51197183,9.00315080,8.01065956,7.65710979,1472.00000000,0.50966023,9.96503107,8.09859155,6.26036744,1394.00000000,0.50915493
366,7.84643658,8.52814247,8.55696966,12106.00000000,0.47545388,8.57991203,8.51579772,7.30398415,11806.00000000,0.48620420,8.57524277,8.47687373,7.34056997,11871.00000000,0.48541333,8.59506397,8.50783358,7.43642735,11791.00000000,0.48685699
367,8.52850519,8.43205791,9.00354367,7387.00000000,0.49072734,9.45581536,8.35452239,7.25868994,7275.00000000,0.50113145,9.22564402,8.35471438,8.01463813,7223.00000000,0.50289057,9.36107478,8.34684221,7.25807799,7304.00000000,0.49914284
368,8.91540998,8.27381495,10.29416962,4275.00000000,0.51287603,10.39743938,8.06685204,7.98424746,4055.00000000,0.53018190,9.70414510,8.12702983,7.91800931,4120.00000000,0.52550962,10.41026893,8.06430309,8.09770497,4046.00000000,0.53122466
369,10.77767860,7.79255686,8.33654148,1314.00000000,0.54720882,10.26802856,8.03194103,6.71714628,1389.00000000,0.51246051,10.16413723,7.95462242,7.23148861,1410.00000000,0.52251947,9.60486080,8.19550720,5.86179921,1444.00000000,0.49315549
370,7.73056983,8.57480745,8.98314170,18550.00000000,0.46689275,7.91624742,8.58281115,7.87714428,18586.00000000,0.46576602,7.69944516,8.59516166,7.72481695,18837.00000000,0.46007223,7.88806787,8.57786720,8.04981252,18598.00000000,0.46542110
371,8.34160481,8.44353610,9.98591711,7324.00000000,0.49258695,9.08098385,8.36473681,7.83322647,7304.00000000,0.49477762,8.89825934,8.39799308,8.40619159,7211.00000000,0.50096886,9.09075695,8.35532960,7.52899352,7323.00000000,0.49346337
372,7.76984563,8.54460806,9.34442240,12223.00000000,0.47063664,8.16707495,8.51883044,8.58730387,12171.00000000,0.47434569,8.20995424,8.53812159,8.10536275,12224.00000000,0.47552238,8.25954532,8.52111946,8.47846909,12123.00000000,0.47641876
373,8.08699002,8.46922446,9.54315476,7598.00000000,0.48037204,9.08000906,8.37353741,7.77975923,7435.00000000,0.49421769,9.03861590,8.35778936,8.23283215,7280.00000000,0.50082282,9.03338051,8.36489796,7.61695410,7456.00000000,0.49278912
374,8.00364374,8.47661576,9.84777873,7570.00000000,0.48391055,9.39771662,8.34152760,8.03932997,7111.00000000,0.50758258,8.86470970,8.40374332,8.64654704,7296.00000000,0.49979432,9.44164145,8.33986566,7.96548117,7110.00000000,0.50765182
375,7.30232837,8.62321199,8.63296889,23850.00000000,0.45328260,7.74881726,8.59722254,7.82921115,23423.00000000,0.46056056,7.59135546,8.64027854,7.80848931,23716.00000000,0.45675279,7.61622182,8.60885286,8.02587993,23551.00000000,0.45761268
376,11.37026023,7.69345661,8.53744403,1224.00000000,0.56472262,10.09883359,8.01437588,6.70752835,1384.00000000,0.51472651,10.99219972,7.80347826,8.26279458,1293.00000000,0.55026087,10.21824506,7.91164095,7.38556875,1361.00000000,0.52279102
377,7.51431589,8.60664336,8.89390191,18796.00000000,0.46130918,7.82859883,8.60302918,7.87873768,18704.00000000,0.46448306,7.84615304,8.59387931,7.91149934,18647.00000000,0.46416667,7.73809590,8.60592092,8.00970491,18769.00000000,0.46262204
378,7.40340141,8.60282014,8.72665781,18782.00000000,0.45951079,7.72522858,8.60632307,7.97592477,18838.00000000,0.46150988,7.84353197,8.59374641,7.87165460,18649.00000000,0.46454003,7.75122439,8.60209244,7.88501617,18814.00000000,0.46219592
379,7.99845471,8.48894633,9.65592084,7628.00000000,0.48112373,9.15740824,8.37218305,7.68487977,7265.00000000,0.49778792,8.48482939,8.41944937,8.98430575,7465.00000000,0.49127709,9.19719668,8.36015485,7.68654172,7248.00000000,0.49896309
380,10.37794549,8.14055059,9.78682498,3956.00000000,0.54048089,10.44882752,8.08302540,8.04966515,4083.00000000,0.52852194,9.79876569,8.18906448,8.41763666,4141.00000000,0.52232091,10.25282880,8.11743649,7.95432706,4122.00000000,0.52401848
381,10.01234033,7.89609530,8.95791957,1409.00000000,0.53375248,10.00632681,7.96117166,6.93292843,1431.00000000,0.51260218,10.08743007,7.89685012,7.97073829,1393.00000000,0.51782624,9.90268135,8.01260218,6.97842628,1438.00000000,0.51021798
382,7.38974677,8.62410616,8.67953690,23707.00000000,0.45666025,7.47781890,8.63700123,7.89550523,24033.00000000,0.45451450,7.56366373,8.61775350,7.81554613,23905.00000000,0.45590076,7.43376523,8.63865813,8.00772378,24065.00000000,0.45378819
383,7.39215785,8.60447299,8.67599564,23677.00000000,0.45688726,7.77293443,8.62102412,7.79551150,23260.00000000,0.46154915,7.70995800,8.61049857,7.97030981,23549.00000000,0.46019484,7.69037741,8.62199639,7.91930502,23340.00000000,0.45969721
384,9.05818033,8.26644511,10.25199453,4242.00000000,0.51386661,10.48323288,8.04770684,8.07416289,4062.00000000,0.53191980,9.74733341,8.10753550,8.71828438,4163.00000000,0.52324782,10.58789571,8.02788661,8.27028367,4041.00000000,0.53433971
385,11.82440075,7.57972509,10.14963876,1234.00000000,0.57594502,10.29112427,8.04198740,6.84573874,1361.00000000,0.52379286,10.15049139,7.96652012,7.35384733,1403.00000000,0.52553263,10.57999031,8.03393982,6.82654488,1351.00000000,0.52729181
386,10.88686153,7.64830653,9.38407189,1299.00000000,0.55559357,9.59837257,8.12386095,6.48935732,1467.00000000,0.50489369,9.62133573,7.99252717,6.86391973,1436.00000000,0.51222826,10.04424287,8.06682416,6.88021066,1432.00000000,0.51670604
387,11.78262799,7.51938552,9.46265242,1159.00000000,0.57607901,10.78308405,7.99217639,6.84895122,1313.00000000,0.53307255,11.32853320,7.88156077,7.68468636,1305.00000000,0.54937845,11.48558149,7.80440967,7.64043093,1265.00000000,0.55014225
388,7.12088122,8.63089131,9.19670900,19280.00000000,0.45359218,7.61906455,8.61079779,7.96476185,19103.00000000,0.45860847,7.60968560,8.59214648,8.10219527,19012.00000000,0.45862521,7.59802998,8.60583817,8.18344774,19109.00000000,0.45843843
389,7.26044080,8.63246014,8.74819926,24017.00000000,0.45291572,7.76858270,8.60560731,7.52883481,23534.00000000,0.46005598,7.67869080,8.61893802,7.72806573,23524.00000000,0.45855870,7.70043738,8.60592851,7.74778400,23591.00000000,0.45874822
390,10.95220563,7.73504562,8.85070049,1305.00000000,0.55897263,9.33378919,8.16256158,6.26695672,1543.00000000,0.49326765,11.45664242,7.66009517,9.02682223,1299.00000000,0.55846363,9.70406772,8.00065681,7.06180867,1512.00000000,0.50344828
391,7.64497624,8.57777333,8.88278104,18750.00000000,0.46446932,7.82006239,8.59560301,7.83953714,18652.00000000,0.46466908,7.79782786,8.59420124,8.17194167,18759.00000000,0.46361479,7.75094901,8.59677975,7.87035404,18718.00000000,0.46277481
392,9.67639385,8.19401433,9.50661119,4138.00000000,0.52183961,9.37279729,8.22153706,7.85844327,4369.00000000,0.50108485,10.10325693,8.13587769,8.00005279,4123.00000000,0.52603748,9.59259443,8.21822542,7.77639365,4323.00000000,0.50633779
393,8.49480683,8.44642236,9.47891933,7307.00000000,0.49189903,9.32486964,8.38054084,7.93195649,7181.00000000,0.49951213,9.20631635,8.34821179,8.51425343,7094.00000000,0.50447052,9.33820171,8.37559242,7.88342303,7187.00000000,0.49909395
394,7.54129544,8.57272372,9.30028907,12320.00000000,0.46557932,8.12975407,8.54220389,7.52837823,12317.00000000,0.47064638,8.95701913,8.45999826,7.42503076,11730.00000000,0.48942283,8.16500476,8.53287777,7.48126912,12303.00000000,0.47124807
395,7.54895051,8.58830614,9.09854950,18730.00000000,0.46290827,7.74359455,8.60624109,7.84472959,18863.00000000,0.46243944,7.78229660,8.59270186,8.02742397,18774.00000000,0.46226334,7.73714186,8.59891707,8.08126158,18865.00000000,0.46238245
396,7.80718066,8.57428742,8.47309904,23262.00000000,0.46614954,7.94014215,8.57901388,7.66002331,23336.00000000,0.46383604,7.95029476,8.59324170,7.77643286,23364.00000000,0.46474227,7.85888933,8.58887051,8.01009352,23384.00000000,0.46273320
397,10.40355679,7.82636765,8.01160491,1372.00000000,0.53380904,10.23834204,7.94818304,7.19837616,1419.00000000,0.52254374,10.09482960,7.96959105,7.26170712,1351.00000000,0.52778749,9.99047689,8.01244953,6.65312437,1455.00000000,0.51043069
398,9.32989068,8.28157984,10.89096024,4237.00000000,0.51912382,9.74815044,8.19832844,10.23926670,4311.00000000,0.51310142,9.38085430,8.25655877,10.53443571,4261.00000000,0.51607041,9.87285872,8.20408855,10.29736914,4274.00000000,0.51728033
399,9.28113769,8.25538462,10.19464967,4211.00000000,0.52011396,9.21931931,8.19557362,7.87653241,4412.00000000,0.50180668,9.17925403,8.21888889,8.06848146,4445.00000000,0.50611111,9.16713083,8.19828365,7.79895146,4426.00000000,0.50022584
400,9.74293618,8.21746050,10.15296393,4177.00000000,0.52517904,10.08774020,8.15063001,7.71004299,4175.00000000,0.52176403,9.98951162,8.15477008,8.24504162,4160.00000000,0.52413635,10.21522354,8.11844215,8.15948703,4156.00000000,0.52394044
401,7.56630239,8.58828936,8.63261632,23479.00000000,0.46045133,7.66957176,8.61926112,7.76447376,23655.00000000,0.45888139,7.61905815,8.62776407,7.72311204,23739.00000000,0.45771656,7.65043579,8.61997026,7.77966231,23661.00000000,0.45874414
402,7.51511035,8.59480699,8.90135955,18681.00000000,0.46224704,8.01852986,8.56063516,7.77329323,18540.00000000,0.46860042,8.01249686,8.56960790,7.85055880,18486.00000000,0.46937252,8.09484692,8.55103328,7.76418582,18482.00000000,0.47026283
403,9.97852271,8.15586223,10.90960166,4043.00000000,0.53113766,10.06222542,8.14561976,7.77262008,4149.00000000,0.51665890,10.70779874,8.09699265,9.33200842,3966.00000000,0.54476584,9.91787946,8.14468779,7.78565190,4177.00000000,0.51339702
404,7.33970647,8.61228969,8.60289487,23872.00000000,0.45427944,7.65343822,8.60119198,7.74679454,23635.00000000,0.45822350,7.48422835,8.63892826,7.46498608,23895.00000000,0.45372868,7.65157716,8.60559312,7.63483868,23641.00000000,0.45808596
405,8.42771239,8.43963146,9.82773343,7425.00000000,0.48948020,9.13908031,8.40620272,7.92328164,7318.00000000,0.49676798,8.84032603,8.37804794,8.80605357,7347.00000000,0.49536369,9.00686106,8.41232293,8.18059192,7353.00000000,0.49436116
406,8.25659526,8.48561058,9.69445726,12002.00000000,0.48137585,8.31101638,8.52032625,8.33743958,12250.00000000,0.47413608,8.25290441,8.54433781,8.02099731,12382.00000000,0.47187033,8.24953353,8.52809616,8.28271098,12284.00000000,0.47267654
407,8.20644592,8.46155970,9.96945508,7383.00000000,0.49047619,9.15899707,8.37825157,8.08482902,7202.00000000,0.50307045,9.12987475,8.37002375,8.89273878,7042.00000000,0.50817153,9.03284206,8.38335748,8.13471497,7254.00000000,0.49948251
408,11.98805703,7.53908737,10.47236291,1198.00000000,0.57622922,10.67260436,8.11509304,6.27271219,1409.00000000,0.51447278,10.91227639,7.72383225,8.59742800,1334.00000000,0.54517559,10.94063492,7.99207443,6.69330994,1389.00000000,0.52136458
409,7.22001951,8.62873228,8.58251802,24025.00000000,0.45240917,7.50818872,8.63817886,7.91805264,23762.00000000,0.45526237,7.54583715,8.62207465,7.83018555,23760.00000000,0.45591940,7.59019579,8.62751886,7.79575994,23706.00000000,0.45654616
410,11.92451082,7.65648593,8.92972107,1240.00000000,0.57446809,10.78026347,8.03274121,6.61361987,1379.00000000,0.51967955,12.05754507,7.85295157,7.36500786,1226.00000000,0.56663132,10.26922326,8.08881923,6.30339834,1414.00000000,0.50748868
411,9.79279926,8.18146093,9.92163856,4115.00000000,0.52438742,10.21061939,8.08823187,7.69194657,4129.00000000,0.51938075,9.50312234,8.21901106,8.75885094,4323.00000000,0.51196658,10.17319352,8.09184030,7.68381724,4137.00000000,0.51844954
412,9.24367063,8.24632015,10.38201246,4229.00000000,0.51368445,10.40335125,8.08902667,7.93316322,4053.00000000,0.52585400,10.75516148,8.07085515,9.00957299,3913.00000000,0.54473531,10.62215380,8.09031352,7.89069644,4014.00000000,0.53041647
413,10.27896060,8.11867819,10.42829076,3881.00000000,0.54032927,10.19348584,8.10952547,8.15754266,4122.00000000,0.52175426,9.93794720,8.16187384,9.40586399,4088.00000000,0.52597403,10.21406961,8.14444831,8.37432815,4123.00000000,0.52163824
414,12.15070011,7.41614035,10.25575409,1152.00000000,0.59578947,10.38045061,7.84391081,7.26898094,1365.00000000,0.53173242,11.42797458,7.65367212,8.33843295,1263.00000000,0.56038984,10.43920276,7.91286449,7.46251494,1350.00000000,0.53687822
415,12.12880267,7.57411133,10.19317046,1272.00000000,0.57344064,10.80672037,7.94164641,7.36071473,1360.00000000,0.52761375,10.52045036,7.68467583,9.39879640,1391.00000000,0.54453176,10.24194955,8.07328934,6.49476497,1407.00000000,0.51128864
416,7.53013222,8.57917228,9.25648924,18766.00000000,0.46178335,7.69553797,8.61060298,8.21042928,18806.00000000,0.46079078,7.89698563,8.57331500,8.32600938,18665.00000000,0.46535476,7.59876940,8.61154916,8.45915764,18876.00000000,0.45878373
417,7.25180531,8.59217800,9.14790520,23726.00000000,0.45351944,7.69801643,8.60424524,7.98442550,23480.00000000,0.46003128,7.65959738,8.59812653,7.90504148,23465.00000000,0.45860828,7.64568655,8.61388097,7.99912590,23537.00000000,0.45872045
418,12.04121177,7.37465940,13.14247613,1159.00000000,0.60524523,9.82536101,7.90016750,7.73454333,1427.00000000,0.52194305,10.81215492,7.56844627,10.13634828,1277.00000000,0.56297057,9.86240450,7.86968174,7.90460513,1416.00000000,0.52562814
419,9.75995534,8.25740293,11.01247344,4144.00000000,0.52252564,10.71775946,8.10269262,9.71589735,4049.00000000,0.52803357,10.37615707,8.15274713,10.53032251,4037.00000000,0.53107213,10.58603253,8.15013405,9.75430116,4069.00000000,0.52570230
420,7.11607547,8.61100448,9.72968000,12747.00000000,0.45630198,8.18120670,8.53917011,7.75497390,12322.00000000,0.47451917,8.49137104,8.50406749,7.88027884,12098.00000000,0.47927517,8.09200022,8.54629195,7.80848114,12368.00000000,0.47255747
421,7.32780180,8.61681553,8.76443841,23610.00000000,0.45509936,7.72357367,8.59981124,8.00561228,23449.00000000,0.46022283,7.49310164,8.64100734,7.89149834,23724.00000000,0.45387998,7.80101982,8.59099489,7.81701212,23379.00000000,0.46183417
422,7.53760255,8.58102219,8.89166706,18633.00000000,0.46226660,7.78410539,8.59001548,7.52871532,18778.00000000,0.46185591,7.99882637,8.59247216,7.23148035,18490.00000000,0.46792898,7.70951802,8.60236717,7.59626932,18822.00000000,0.46059494
423,7.52498058,8.59449056,8.69431176,18746.00000000,0.46152299,8.02334914,8.57995748,7.52804919,18495.00000000,0.46862610,8.03905142,8.57763599,7.32622021,18407.00000000,0.46855873,7.87506322,8.58823191,7.67738185,18615.00000000,0.46517842
424,7.82540908,8.53109738,10.03229199,12141.00000000,0.47525608,8.08346512,8.52976012,8.95446378,12215.00000000,0.47581856,8.14537885,8.54183625,8.65651294,12210.00000000,0.47688617,8.22584595,8.51705789,8.90056506,12149.00000000,0.47865082
425,8.68131951,8.41903720,9.85526547,7425.00000000,0.49227298,9.16713132,8.41140876,8.90900178,7432.00000000,0.49469676,8.77453107,8.39953622,10.37689833,7374.00000000,0.49706725,9.06117820,8.42085940,9.09011328,7462.00000000,0.49265706
426,10.12593987,8.21264035,10.90726050,4023.00000000,0.53432110,10.45133042,8.12059899,7.95810638,4138.00000000,0.52697759,9.92196962,8.15588875,8.51529095,4164.00000000,0.52340620,10.22852272,8.13888889,7.83944431,4194.00000000,0.52057613
427,7.25427314,8.62177816,8.69083394,23713.00000000,0.45282322,7.78123607,8.59675153,7.85042937,23427.00000000,0.46026955,7.72977344,8.59975191,7.82990744,23513.00000000,0.45988101,7.74424543,8.59417118,8.07078676,23461.00000000,0.45948623
428,7.58480249,8.57736205,9.15006614,18776.00000000,0.46291370,7.92542957,8.59347079,7.84763794,18652.00000000,0.46586483,7.85364319,8.59882133,8.02231559,18627.00000000,0.46451056,7.88522684,8.58871707,8.28168023,18670.00000000,0.46534937
429,12.31802606,7.25571868,11.56258422,1180.00000000,0.59713213,10.17790533,7.94968344,7.38599759,1434.00000000,0.52215928,10.61264827,7.81220339,8.12142371,1347.00000000,0.54338983,9.77032045,7.95568144,7.32482650,1463.00000000,0.51249583
430,7.15891983,8.63643865,8.54446160,19246.00000000,0.45236740,7.91328129,8.60750385,7.18700524,18766.00000000,0.46416538,7.90699424,8.59581375,7.19984902,18801.00000000,0.46458778,7.86546274,8.60559077,7.33309968,18794.00000000,0.46336588
431,11.04270352,7.60805369,9.82877262,1310.00000000,0.56040268,9.93878682,8.09271078,7.02218340,1456.00000000,0.51091703,13.26931496,7.44665766,10.34519876,1180.00000000,0.60162053,10.06186485,8.07860262,6.94113988,1456.00000000,0.51091703
432,7.28599619,8.61297526,8.52394579,18990.00000000,0.45631012,7.87707752,8.58521762,7.36976336,18589.00000000,0.46455627,7.95404202,8.59490741,7.16486772,18698.00000000,0.46564929,7.79253841,8.59555837,7.61108170,18640.00000000,0.46308725
433,7.45623195,8.60818730,8.78008702,18777.00000000,0.45792315,8.03150430,8.58005461,7.99171096,18551.00000000,0.46684869,8.01563659,8.59225788,7.91172037,18536.00000000,0.46651317,8.03703117,8.57700819,7.94119251,18536.00000000,0.46727978
434,11.43815321,7.63623496,9.45194756,1207.00000000,0.57289455,10.15757492,7.95223042,7.11335037,1357.00000000,0.52335792,9.92002669,7.79944095,8.29404462,1339.00000000,0.53214535,10.35518201,7.89146470,7.52104618,1349.00000000,0.52616790
435,8.90845588,8.43551594,9.96800675,7294.00000000,0.49989715,8.77067426,8.42888004,9.34059320,7539.00000000,0.49105515,9.16684976,8.36671046,9.94840492,7152.00000000,0.50542839,8.94232759,8.42408695,9.31668007,7480.00000000,0.49503814
436,10.84259935,7.72922636,8.12504520,1250.00000000,0.55229226,10.97831896,7.85950413,7.33221209,1294.00000000,0.53503414,12.73358551,7.49272198,9.11200359,1122.00000000,0.59170306,11.19635175,7.84189723,7.53374570,1274.00000000,0.54222063
437,7.85637644,8.54903040,9.41948359,12451.00000000,0.47281734,8.05884757,8.56514002,8.69220187,12451.00000000,0.47248231,8.53932181,8.50362895,8.53472393,12038.00000000,0.48301482,7.99542431,8.58191755,8.91048003,12477.00000000,0.47138076
438,7.26285989,8.63016084,8.58268552,23863.00000000,0.45326032,7.65586628,8.59960008,7.90343693,23622.00000000,0.45707785,7.74184923,8.60724228,7.64619946,23479.00000000,0.45984310,7.64830014,8.61157462,7.86917304,23625.00000000,0.45700889
439,12.48551590,7.40394600,10.20665933,1171.00000000,0.59466944,9.49167420,8.06778523,6.92170986,1475.00000000,0.50503356,10.82809477,7.68949153,8.89225139,1311.00000000,0.55559322,10.04438736,7.94865772,7.55601137,1433.00000000,0.51912752
440,8.02675485,8.49706565,11.16952518,7523.00000000,0.48662481,8.62217479,8.46160594,9.03078742,7606.00000000,0.48677463,8.83643645,8.39525936,10.31375473,7247.00000000,0.50209550,8.48700216,8.48596491,9.59026164,7629.00000000,0.48522267
441,7.33331436,8.61517435,8.56017943,23741.00000000,0.45465613,7.59211786,8.61061174,7.80883339,23656.00000000,0.45617141,7.79363224,8.61013196,7.36697285,23645.00000000,0.46018447,7.67703199,8.60888756,7.60336942,23584.00000000,0.45782662
442,10.26500125,8.12644618,9.91445659,3967.00000000,0.53640294,10.29489096,8.10148285,7.87178461,4124.00000000,0.52224282,10.15579061,8.11744105,9.47191507,3995.00000000,0.53362129,10.40318717,8.09487952,7.63702705,4101.00000000,0.52490732
443,11.67806802,7.48893429,10.21703171,1249.00000000,0.57473613,9.13427594,8.18521031,6.34135095,1507.00000000,0.48880597,11.61233301,7.70221607,9.06629877,1243.00000000,0.56959834,9.19220564,8.18928087,6.41546586,1502.00000000,0.49050204
444,8.32935601,8.46592317,9.41651196,7498.00000000,0.48382211,9.53388311,8.38246436,7.74235799,7264.00000000,0.49969006,9.13800942,8.37452406,8.53726675,7236.00000000,0.49906542,9.62379184,8.37282182,7.74875917,7225.00000000,0.50237620
445,7.61247118,8.56090917,9.59668861,12492.00000000,0.46828978,7.98349853,8.57239345,8.53280043,12401.00000000,0.46988415,8.30716637,8.52415726,8.55108565,12317.00000000,0.47707396,7.97770995,8.56534006,8.69936968,12398.00000000,0.47001240
446,7.59089771,8.56411576,9.36219353,12431.00000000,0.46705252,8.16512958,8.50472712,7.71574323,12253.00000000,0.47344220,8.29079027,8.51893582,7.63203461,12184.00000000,0.47802245,8.23281094,8.50571551,7.70649326,12207.00000000,0.47541899
447,10.76736014,8.12086484,9.66136452,3862.00000000,0.54371456,10.58222596,8.13180751,7.78678436,4062.00000000,0.52323944,11.03788771,7.98457190,8.10126845,3908.00000000,0.53974797,10.71536388,8.10469484,7.93662637,4030.00000000,0.52699531
448,7.10489547,8.62601421,8.83502102,24014.00000000,0.44959890,7.31904642,8.63216969,8.01111936,23995.00000000,0.45036192,7.93202132,8.57721414,7.98538433,23135.00000000,0.46460392,7.44257843,8.62160986,7.75037831,23865.00000000,0.45333975
449,7.57145710,8.56540517,9.91467964,12442.00000000,0.46794954,8.22027671,8.53416176,8.49397004,12257.00000000,0.47659920,8.56710461,8.51531997,8.50443651,11962.00000000,0.48450765,8.10406918,8.54868050,8.65697538,12305.00000000,0.47454949
450,8.79289716,8.27192286,11.83778194,4256.00000000,0.51718661,9.48091316,8.23014006,8.42809170,4371.00000000,0.51025210,9.80837983,8.13737555,8.87205893,4248.00000000,0.52477906,9.39737123,8.20997199,8.32739440,4380.00000000,0.50924370
451,7.39830232,8.62351345,8.63879595,23625.00000000,0.45655924,7.31504970,8.64046750,7.67461356,23940.00000000,0.45029965,7.58176536,8.62504309,7.80453083,23674.00000000,0.45598272,7.27386464,8.64205185,7.70055108,23973.00000000,0.44954192
452,7.30120508,8.60967173,8.57375863,23867.00000000,0.45325636,7.56158752,8.62572380,7.84860122,23893.00000000,0.45531847,7.77884470,8.60910755,7.54034628,23603.00000000,0.45988558,7.55732727,8.62424201,7.79827529,23901.00000000,0.45513610
453,8.50325855,8.44750729,9.97224059,7302.00000000,0.49298709,9.16021760,8.35978253,7.91967355,7303.00000000,0.49741931,9.47817590,8.32939366,8.84578793,6992.00000000,0.51101476,9.15611174,8.37994632,8.11307953,7306.00000000,0.49721286
454,12.30186419,7.43331077,11.68967965,1198.00000000,0.59444821,9.25922081,7.97711208,7.68402857,1451.00000000,0.51161225,10.81140752,7.69162088,9.24184321,1285.00000000,0.55872253,9.49588515,7.90171659,7.94126939,1433.00000000,0.51767082
455,8.13486235,8.50147072,9.36280109,12058.00000000,0.47841509,8.68933421,8.47809111,8.52244634,11847.00000000,0.48603037,8.41527272,8.51077605,8.32711642,11985.00000000,0.47923003,8.62258642,8.48477223,8.53048907,11884.00000000,0.48442516
456,8.17185962,8.51584841,8.80494202,12106.00000000,0.47863910,8.40519991,8.51756652,7.53519998,12140.00000000,0.47730991,8.57316070,8.49414188,7.38472740,12124.00000000,0.47967898,8.50311846,8.50865409,7.40067283,12098.00000000,0.47911823
457,11.78231000,7.57910547,10.76545233,1260.00000000,0.57943925,10.42200622,7.90131801,7.53587745,1400.00000000,0.52686718,10.05375286,7.80068143,8.83311988,1377.00000000,0.53083475,10.48177524,7.87901318,7.64969046,1392.00000000,0.52957080
458,7.49944636,8.58051571,9.09409598,12556.00000000,0.46396858,8.49331452,8.49790777,7.66426365,12028.00000000,0.48112678,8.41579962,8.50729377,8.00791618,12062.00000000,0.48095873,8.39390209,8.51473189,7.90090705,12064.00000000,0.47957379
459,7.21250872,8.64441076,8.89911518,23843.00000000,0.45237603,7.60390490,8.63105194,7.98455523,23716.00000000,0.45659098,7.44477790,8.62541898,7.98172318,23982.00000000,0.45317737,7.61171997,8.62612561,7.99773863,23706.00000000,0.45682011
460,11.66933932,7.49655884,10.82345552,1214.00000000,0.58224363,9.18781376,8.09182644,6.87898087,1493.00000000,0.49781366,10.77285390,7.71255201,8.99307702,1295.00000000,0.55097087,9.68449089,7.92600067,7.83138013,1457.00000000,0.50992264
461,7.62229315,8.59873103,9.24787827,18815.00000000,0.46225957,7.66737396,8.61910314,8.21870707,19029.00000000,0.45889612,8.01099121,8.58978289,7.82972903,18811.00000000,0.46612743,7.62779020,8.62515995,8.19539961,19060.00000000,0.45801462
462,12.06097809,7.51331465,10.63741408,1168.00000000,0.59074982,9.66569223,7.94071816,7.31132148,1459.00000000,0.50575881,10.84238962,7.75785838,8.26847890,1321.00000000,0.54369603,9.89225402,7.87974255,7.67750842,1442.00000000,0.51151762
463,7.76060497,8.57032466,8.93419156,18519.00000000,0.46603425,7.79733671,8.60317279,7.96952577,18773.00000000,0.46243056,8.07551579,8.56579287,8.07313277,18555.00000000,0.46841427,7.87135211,8.60148331,7.82100150,18710.00000000,0.46423458
464,8.72193491,8.43994970,10.65525885,7175.00000000,0.49870747,9.16527931,8.39453316,9.68126016,7168.00000000,0.50017433,8.63124876,8.41776179,10.45132614,7291.00000000,0.49571172,9.40555597,8.39418451,9.65065315,7081.00000000,0.50624085
465,11.70283714,7.62679107,9.47505236,1322.00000000,0.55948017,9.90681664,8.02595674,6.76434156,1488.00000000,0.50482529,11.03411021,7.73776578,9.01984175,1342.00000000,0.54708066,10.15332957,7.93810316,7.18988532,1470.00000000,0.51081531
466,7.27769520,8.60331380,8.67778891,23701.00000000,0.45306226,7.40975048,8.63222497,7.89057845,23910.00000000,0.45245947,7.40482133,8.63655299,7.67341018,23983.00000000,0.45106432,7.35501827,8.63598058,7.89546225,23967.00000000,0.45115416
467,12.47282052,7.41298343,10.57996240,1180.00000000,0.59254144,9.59539428,8.00033278,7.33112687,1470.00000000,0.51081531,9.93996717,7.62425249,9.96032436,1382.00000000,0.54086379,9.38849720,8.07487521,6.97773621,1486.00000000,0.50549085
468,7.99394448,8.51634553,9.48818043,12056.00000000,0.47798225,8.48701210,8.48680453,8.61788240,11926.00000000,0.48403565,8.47809078,8.52317938,8.58346020,11934.00000000,0.48391282,8.39974949,8.50017306,8.67345299,11971.00000000,0.48208878
469,10.40226806,8.10284643,11.43516047,3885.00000000,0.54492210,11.06196066,8.09011830,10.20566762,3875.00000000,0.55056831,10.52853037,8.09667324,10.40579783,3944.00000000,0.54283065,10.98127774,8.09649733,10.30648676,3893.00000000,0.54848063
470,7.28214034,8.63533195,8.60002958,23759.00000000,0.45419251,7.73184448,8.60719871,7.79339272,23479.00000000,0.46000460,7.63818592,8.62115265,7.81720498,23650.00000000,0.45718286,7.74206054,8.60680773,7.80017803,23454.00000000,0.46057958
471,7.21689699,8.62799769,8.91684852,18869.00000000,0.45481075,7.85025262,8.59964494,7.80137122,18769.00000000,0.46257588,7.94955378,8.58700450,7.60313713,18664.00000000,0.46504629,7.79250991,8.59308785,8.04299980,18803.00000000,0.46160234
472,7.56209462,8.59329854,8.78649779,18637.00000000,0.46258543,7.93282221,8.57182400,8.07734521,18495.00000000,0.46672626,7.92722933,8.59539455,7.94385130,18503.00000000,0.46674160,7.92444097,8.56775849,8.08079672,18505.00000000,0.46643792
473,8.52918144,8.43788258,10.26782224,7283.00000000,0.49339176,8.75252617,8.46418496,9.55628193,7381.00000000,0.49212138,9.10830179,8.37601952,9.91467103,7097.00000000,0.50526316,8.80148486,8.44622583,9.44161733,7376.00000000,0.49246542
474,8.38955978,8.47075478,10.03518086,7403.00000000,0.48877840,9.56827778,8.34718452,8.10225340,7084.00000000,0.50692559,8.94735432,8.41922517,8.50803845,7243.00000000,0.49802481,9.48136692,8.34175541,8.06405691,7126.00000000,0.50400223
475,8.19694390,8.52792386,9.33297128,11919.00000000,0.48198531,8.53786792,8.49871845,8.50722054,11908.00000000,0.48268821,8.95770280,8.48147824,8.40252752,11609.00000000,0.49228078,8.50272573,8.49020374,8.80371813,11921.00000000,0.48212346
476,7.38663688,8.59529154,8.76591379,18771.00000000,0.45976515,7.91714378,8.58994641,7.84396888,18652.00000000,0.46545152,7.95548626,8.58247852,8.17811119,18535.00000000,0.46743097,7.83967453,8.59275499,7.78477606,18731.00000000,0.46318746
477,7.15832624,8.64715897,8.36195495,24202.00000000,0.45059136,7.47243740,8.64842579,7.72105595,24053.00000000,0.45361410,7.56643569,8.63680870,7.44886946,24026.00000000,0.45543971,7.38706870,8.65237836,7.73475797,24143.00000000,0.45156967
478,10.85975698,7.68460237,9.85366957,1337.00000000,0.54754653,9.92684378,8.07044152,7.06973446,1461.00000000,0.50758342,11.54455412,7.68300423,9.09808692,1248.00000000,0.55994358,9.23076306,8.23592855,6.44495235,1511.00000000,0.49073138
479,7.56196976,8.56724145,8.99411202,12479.00000000,0.46604767,8.47420687,8.48405148,7.64164227,12075.00000000,0.48022040,8.28794501,8.51133187,7.47764510,12181.00000000,0.47615361,8.40107188,8.49834273,7.77572386,12107.00000000,0.47884293
480,11.66586966,7.62852405,9.21522742,1318.00000000,0.56285240,8.59339099,8.22733161,6.69459982,1611.00000000,0.47830311,11.06093611,7.67660858,8.64225724,1360.00000000,0.54423592,8.42606929,8.26003886,6.52944183,1630.00000000,0.47215026
481,9.31561276,8.17141230,9.61791670,4245.00000000,0.51651481,9.66490846,8.19705549,8.16026555,4288.00000000,0.51438279,9.79607798,8.16208509,8.59307908,4191.00000000,0.52195734,9.56341845,8.19048698,7.96383479,4318.00000000,0.51098528
482,7.48073646,8.61082823,8.39878517,18754.00000000,0.46048733,7.82585253,8.60673518,7.13974565,18919.00000000,0.46144211,8.30159513,8.57299459,7.13033736,18313.00000000,0.47309817,7.73978924,8.62239176,7.46091399,18971.00000000,0.45996185
483,9.70302240,8.20701305,10.79792901,4053.00000000,0.52784250,10.77200304,8.03654834,8.43794693,3974.00000000,0.53596450,10.84369550,8.03539616,8.67581188,3863.00000000,0.54723394,10.89243196,8.03678188,8.18880142,3966.00000000,0.53689865
484,7.49764520,8.60523761,8.46175579,19007.00000000,0.45719100,8.17618788,8.57565477,7.23400491,18489.00000000,0.46844723,8.00125078,8.58279773,7.27006674,18785.00000000,0.46339304,8.13987522,8.57433229,7.36161822,18512.00000000,0.46778599
485,8.79403205,8.37903508,9.95170819,7107.00000000,0.50234577,9.52087037,8.32797698,8.11401478,7017.00000000,0.50761350,9.14969407,8.33863856,8.47239057,7206.00000000,0.50351385,9.74386872,8.33064346,8.02579456,6926.00000000,0.51399902
486,10.11647843,8.16421343,10.83738097,4012.00000000,0.53863845,10.69238248,8.09436345,8.05018334,4059.00000000,0.53403742,10.48118738,8.07864510,8.82874575,3971.00000000,0.53457571,10.53144616,8.12903226,7.96701742,4093.00000000,0.53013431
487,8.53953359,8.40592954,10.31619440,7232.00000000,0.49550052,8.88830537,8.38757171,8.32055938,7338.00000000,0.49277666,9.55200142,8.28834999,8.64655259,6996.00000000,0.51107694,9.14210332,8.37837838,8.07911255,7266.00000000,0.49775351
488,7.42166563,8.56859710,9.43899698,12505.00000000,0.46235866,8.25253268,8.54798522,7.72927285,12226.00000000,0.47478306,8.33067733,8.52289208,7.66901308,12160.00000000,0.47822356,8.26498404,8.55099235,7.65120938,12222.00000000,0.47495489
489,7.48107868,8.58110254,9.35707428,18663.00000000,0.46105865,7.63625124,8.61799874,8.47010637,18889.00000000,0.45966588,7.86085597,8.59852210,8.58988287,18598.00000000,0.46525202,7.66876312,8.60873048,8.46145385,18870.00000000,0.46020939
490,7.64518842,8.59454174,9.34212756,12514.00000000,0.46803265,8.31753041,8.51914439,7.68952303,12287.00000000,0.47435294,8.39186932,8.54150265,7.67992041,12216.00000000,0.47732329,8.15077336,8.54836364,7.87798594,12359.00000000,0.47127273
491,7.31214373,8.62836551,8.76847045,23770.00000000,0.45440356,7.40937034,8.64232824,7.88531996,23907.00000000,0.45193829,7.26141123,8.65008662,7.97446789,24158.00000000,0.44930245,7.44748533,8.63939387,7.65019599,23877.00000000,0.45262603
492,7.34967327,8.62464459,8.49879498,23796.00000000,0.45437036,7.71228059,8.61875429,7.67886309,23643.00000000,0.45859858,7.46104852,8.62182567,8.07511361,23925.00000000,0.45264242,7.56945651,8.63421113,7.77537717,23766.00000000,0.45578200
493,7.61053727,8.57891102,8.64336658,18682.00000000,0.46235755,8.00375168,8.57804962,7.19413450,18564.00000000,0.46691937,7.74638557,8.60825867,7.14176792,18798.00000000,0.46019986,7.95512639,8.58040432,7.50368721,18583.00000000,0.46637377
494,7.77605433,8.53790381,9.00656052,12323.00000000,0.47132009,8.46157600,8.51329401,7.43308496,12153.00000000,0.48050782,8.59645776,8.49256418,7.66801432,12050.00000000,0.48356405,8.53298170,8.51325126,7.71136403,12104.00000000,0.48260238
495,9.16144929,8.26477945,10.20388001,4262.00000000,0.51546157,9.95096840,8.12284310,8.04711971,4202.00000000,0.51982631,9.97652659,8.12200790,9.48818733,4045.00000000,0.52997908,10.02318153,8.12581419,8.47306031,4181.00000000,0.52222603
496,8.38064672,8.47143940,9.28318458,7433.00000000,0.48783849,9.08753447,8.37960970,7.50270273,7325.00000000,0.49128412,9.27202255,8.37342081,8.54335673,7118.00000000,0.50317582,9.06935990,8.37766512,7.75058040,7329.00000000,0.49100632
497,10.49121185,7.72059319,9.26741009,1350.00000000,0.54499494,10.56975631,8.00646698,7.04859312,1401.00000000,0.52314500,10.72233077,7.80816993,8.93194685,1400.00000000,0.54248366,10.42873038,8.03267529,7.00803278,1412.00000000,0.51940095
498,8.49803429,8.42675247,9.77140319,7342.00000000,0.49193827,9.27371289,8.37990450,8.03937644,7205.00000000,0.50141859,9.12507473,8.37251507,9.04786756,7149.00000000,0.50481402,9.27862660,8.38371047,8.60044541,7183.00000000,0.50294097
499,7.31698605,8.61271663,8.81403663,23681.00000000,0.45425424,7.58246527,8.61331738,8.13958044,23606.00000000,0.45685887,7.54667420,8.62550779,8.24584983,23735.00000000,0.45525694,7.47800900,8.62321108,8.16541737,23719.00000000,0.45425889
500,8.56642072,8.45717277,9.77498356,7256.00000000,0.49347295,9.38128014,8.40714873,8.01529347,7313.00000000,0.49924678,8.79816901,8.42510373,8.91418462,7336.00000000,0.49266943,9.39508812,8.39448096,7.65209108,7329.00000000,0.49815119
